Rk;Player;Pos;Age;Tm;G;GS;MP;FG;FGA;FG%;3P;3PA;3P%;2P;2PA;2P%;eFG%;FT;FTA;FT%;ORB;DRB;TRB;AST;STL;BLK;TOV;PF;PTS;Player-additional
1;Precious Achiuwa;C;23;TOR;55;12;1140;196;404;0,336805556;29;108;0,186805556;167;296;0,391666667;0,361805556;87;124;0,4875;100;228;328;50;31;30;59;102;508;achiupr01
2;Steven Adams;C;29;MEM;42;42;1133;157;263;0,414583333;0;1;0;157;262;0,415972222;0,414583333;47;129;0,252777778;214;271;485;97;36;46;79;98;361;adamsst01
3;Bam Adebayo;C;25;MIA;75;75;2598;602;1114;00.54;1;12;0.083;601;1102;0,378472222;0,375694444;324;402;0,559722222;184;504;688;240;88;61;187;208;1529;adebaba01
4;Ochai Agbaji;SG;22;UTA;59;22;1209;165;386;0,296527778;81;228;0,246527778;84;158;0,369444444;0,369444444;56;69;0,563888889;43;78;121;67;16;15;41;99;467;agbajoc01
5;Santi Aldama;PF;22;MEM;77;20;1682;247;525;00.47;94;266;0,245138889;153;259;0,410416667;00.56;108;144;0,052083333;85;286;371;97;45;48;60;143;696;aldamsa01
6;Nickeil Alexander-Walker;SG;24;MIN;59;3;884;131;295;0,308333333;61;159;0,266666667;70;136;0,357638889;0,379861111;40;60;0,463194444;15;86;101;108;32;21;55;88;363;alexani01
7;Grayson Allen;SG;27;MIL;72;70;1972;245;557;00.44;146;366;0,277083333;99;191;0,359722222;0,396527778;114;126;0,628472222;61;176;237;163;62;14;72;117;750;allengr01
8;Jarrett Allen;C;24;CLE;68;68;2220;403;626;0,447222222;1;10;00.01;402;616;0,453472222;0,447916667;162;221;0,509027778;221;445;666;113;54;84;93;153;969;allenja01
9;Jose Alvarado;PG;24;NOP;61;10;1310;201;489;0,285416667;83;247;0,233333333;118;242;0,338888889;0,344444444;65;80;0,564583333;28;113;141;186;67;10;81;125;550;alvarjo01
10;Kyle Anderson;PF;29;MIN;69;46;1957;252;495;0,353472222;43;105;00.41;209;390;0,372222222;0,384027778;100;136;0,510416667;66;302;368;335;78;63;103;146;647;anderky01
11;Giannis Antetokounmpo;PF;28;MIL;63;63;2024;707;1278;0,384027778;47;171;0,190972222;660;1107;0,413888889;0,397222222;498;772;0,447916667;137;605;742;359;52;51;246;197;1959;antetgi01
12;Thanasis Antetokounmpo;PF;30;MIL;37;0;206;20;46;0,302083333;0;8;0;20;38;0,365277778;0,302083333;11;22;00.05;15;29;44;15;3;3;12;22;51;antetth01
13;Cole Anthony;PG;22;ORL;60;4;1552;277;610;0,315277778;75;206;0,252777778;202;404;00.05;0,358333333;152;170;0,620833333;47;241;288;235;37;31;91;158;781;anthoco01
14;OG Anunoby;SF;25;TOR;67;67;2386;421;885;0,330555556;142;367;0,26875;279;518;0,374305556;0,386111111;140;167;0,581944444;95;237;332;131;128;50;132;200;1124;anunoog01
15;Ryan Arcidiacono;PG;28;POR;20;4;172;9;37;0,16875;8;23;0,241666667;1;14;0.071;0,24375;0;0;;0;15;15;23;5;0;7;17;26;arcidry01
16;Deni Avdija;SF;22;WAS;76;40;2020;253;579;0,303472222;69;232;0,20625;184;347;00.53;0,345138889;122;165;0,513194444;74;413;487;211;65;29;123;209;697;avdijde01
17;Deandre Ayton;C;24;PHO;67;67;2035;522;887;0,409027778;7;24;0,202777778;515;863;0,414583333;0,411111111;152;200;0,052777778;172;495;667;115;37;53;120;190;1203;aytonde01
18;Udoka Azubuike;C;23;UTA;36;4;359;59;72;0,56875;0;0;;59;72;0,56875;0,56875;7;20;00.35;31;88;119;11;6;15;18;34;125;azubuud01
19;Marvin Bagley III;C;23;DET;42;25;990;202;382;0,367361111;19;66;0,2;183;316;0,402083333;0,384722222;81;108;0,052083333;94;175;269;36;19;30;46;81;504;baglema01
20;Patrick Baldwin Jr.;SF;20;GSW;31;0;226;43;109;0,273611111;32;84;0,264583333;11;25;00.44;0,375694444;4;6;0,463194444;1;39;40;11;6;4;11;14;122;baldwpa01
21;LaMelo Ball;PG;21;CHO;36;36;1268;296;721;0,285416667;144;383;0,261111111;152;338;00.45;00.51;102;122;0,580555556;42;189;231;304;46;11;129;118;838;ballla01
22;Mo Bamba;C;24;LAL;49;7;769;117;241;0,336805556;48;124;0,26875;69;117;00.59;0,40625;41;62;0,459027778;58;167;225;46;13;43;30;105;323;bambamo01
23;Paolo Banchero;PF;20;ORL;72;72;2430;479;1122;0,296527778;85;285;0,206944444;394;837;0,327083333;0,322916667;394;534;0,5125;84;413;497;269;60;39;200;160;1437;banchpa01
24;Desmond Bane;SG;24;MEM;58;58;1841;450;939;0,332638889;166;407;0,283333333;284;532;0,370833333;0,394444444;181;205;0,613194444;43;248;291;254;56;22;126;150;1247;banede01
25;Dalano Banton;PG;23;TOR;31;2;279;55;130;0,29375;15;51;0,204166667;40;79;0,351388889;0,334027778;17;24;0,491666667;11;34;45;36;13;13;18;34;142;bantoda01
26;Dominick Barlow;PF;19;SAS;28;0;408;46;86;0,371527778;0;4;0;46;82;0,389583333;0,371527778;18;25;0,05;46;56;102;24;10;19;15;56;110;barlodo01
27;Harrison Barnes;PF;30;SAC;82;82;2662;374;791;0,328472222;132;353;0,259722222;242;438;0,384027778;0,386111111;350;413;0,588194444;87;279;366;128;57;10;86;103;1230;barneha02
28;Scottie Barnes;SF;21;TOR;77;76;2678;463;1016;0,316666667;63;224;0,195138889;400;792;0,350694444;0,338194444;190;246;0,536111111;179;333;512;371;83;61;154;170;1179;barnesc01
29;RJ Barrett;SG;22;NYK;73;73;2475;510;1176;0,301388889;121;390;00.31;389;786;0,34375;0,336805556;290;392;0,051388889;60;308;368;201;31;15;164;179;1431;barrerj01
30;Will Barton;SG;32;TOR;56;2;993;138;364;0,263194444;66;180;0,254861111;72;184;0,271527778;00.47;37;47;0,546527778;15;122;137;112;28;13;48;56;379;bartowi01
31;Charles Bassey;C;22;SAS;35;2;508;87;135;0,447222222;3;8;0,260416667;84;127;0,459027778;0,455555556;22;37;0,413194444;75;118;193;47;16;33;41;74;199;bassech01
32;Keita Bates-Diop;PF;27;SAS;67;42;1452;236;465;0,352777778;56;142;0,273611111;180;323;0,386805556;0,394444444;119;150;0,550694444;65;183;248;103;46;20;56;63;647;bateske01
33;Nicolas Batum;PF;34;LAC;78;19;1709;160;381;00.42;124;317;0,271527778;36;64;0,390972222;0,404861111;34;48;0,491666667;62;237;299;121;54;44;50;149;478;batumni01
34;Darius Bazley;C;22;PHO;43;1;616;83;183;0,315277778;20;53;0,261805556;63;130;0,336805556;0,352777778;38;70;0,377083333;34;104;138;38;22;34;27;44;224;bazleda01
35;Bradley Beal;SG;29;WAS;50;50;1673;444;878;0,351388889;80;219;0,253472222;364;659;0,383333333;0,382638889;192;228;0,584722222;41;155;196;271;45;33;145;107;1160;bealbr01
36;Malik Beasley;SG;26;LAL;81;27;2093;370;937;0,274305556;235;658;0,247916667;135;279;0,336111111;00.52;50;65;0,534027778;35;248;283;124;65;9;90;107;1025;beaslma01
37;MarJon Beauchamp;SF;22;MIL;52;11;701;96;243;0,274305556;47;142;0,229861111;49;101;0,336805556;0,341666667;27;37;0,050694444;38;77;115;35;21;7;45;71;266;beaucma01
38;DÄvis BertÄns;PF;30;DAL;45;1;492;69;160;0,299305556;55;141;00.39;14;19;0,511805556;0,41875;13;15;0,602083333;10;43;53;21;11;8;10;53;206;bertada01
39;Patrick Beverley;SG-PG;34;CHI;67;67;1816;144;360;00.04;80;239;0,232638889;64;121;0,367361111;0,354861111;47;65;0,502083333;44;203;247;194;63;41;60;187;415;beverpa01
40;Saddiq Bey;SF;23;ATL;77;37;2129;353;836;0,293055556;151;418;0,250694444;202;418;0,335416667;0,35625;205;238;0,597916667;98;264;362;118;70;13;71;123;1062;beysa01
41;Khem Birch;C;30;TOR;20;0;162;19;32;0,4125;1;2;00.05;18;30;00.06;0,422916667;4;5;00.08;8;17;25;7;5;5;8;24;43;birchkh01
42;Goga Bitadze;C;23;ORL;38;1;457;69;125;0,383333333;6;26;0,160416667;63;99;0,441666667;0,4;23;42;0,380555556;61;76;137;39;16;26;22;64;167;bitadgo01
43;Bismack Biyombo;C;30;PHO;61;14;874;119;206;0,401388889;0;0;;119;206;0,401388889;0,401388889;25;70;0,247916667;89;171;260;56;18;88;51;114;263;biyombi01
44;Buddy Boeheim;SF;23;DET;10;0;90;5;27;0,128472222;4;25;00.16;1;2;00.05;0,179861111;2;2;1;2;4;6;4;2;0;0;6;16;boehebu01
45;Bogdan BogdanoviÄ‡;SG;30;ATL;54;9;1508;273;611;0,310416667;146;360;0,281944444;127;251;0,351388889;0,393055556;64;77;0,577083333;23;142;165;150;43;18;65;86;756;bogdabo01
46;Bojan BogdanoviÄ‡;PF;33;DET;59;59;1893;430;882;0,338888889;145;353;0,285416667;285;529;0,374305556;00.57;268;303;0,613888889;36;187;223;152;34;8;135;113;1273;bogdabo02
47;Bol Bol;PF;23;ORL;70;33;1505;261;478;0,379166667;30;113;0,184027778;231;365;0,439583333;0,400694444;82;108;0,527083333;69;336;405;69;30;85;112;92;634;bolbo01
48;Leandro Bolmaro;SF;22;UTA;14;0;68;3;20;00.15;0;4;0;3;16;0,130555556;00.15;0;0;;4;3;7;7;3;1;7;10;6;bolmale01
49;Devin Booker;SG;26;PHO;53;53;1835;527;1067;0,343055556;111;316;0,24375;416;751;0,384722222;0,379166667;306;358;0,59375;46;194;240;293;51;18;145;159;1471;bookede01
50;Brandon Boston Jr.;SF;21;LAC;22;1;248;51;122;0,290277778;12;29;0,2875;39;93;0,290972222;0,324305556;29;38;0,529861111;7;23;30;20;9;0;12;21;143;bostobr01
51;Chris Boucher;PF;30;TOR;76;0;1523;261;529;0,342361111;62;189;0,227777778;199;340;0,40625;0,383333333;128;168;0,529166667;157;264;421;29;47;64;41;143;712;bouchch01
52;James Bouknight;SG;22;CHO;34;0;515;69;193;0,248611111;33;109;0,210416667;36;84;0,297916667;0,307638889;20;30;0,463194444;8;64;72;41;14;5;32;49;191;bouknja01
53;Jamaree Bouyea;PG;23;WAS;5;0;71;6;14;0,297916667;2;6;0,23125;4;8;00.05;00.05;1;2;00.05;1;5;6;4;4;2;4;6;15;bouyeja01
54;Tony Bradley;C;25;CHI;12;0;33;6;12;00.05;3;5;00.06;3;7;0,297916667;0,434027778;4;4;1;1;10;11;1;1;1;1;2;19;bradlto01
55;Malaki Branham;SG;19;SAS;66;32;1550;269;611;00.44;77;255;0,209722222;192;356;0,374305556;0,349305556;58;70;0,575694444;28;153;181;127;33;7;76;115;673;branhma01
56;Jarrell Brantley;PF;26;UTA;4;0;39;8;14;0,396527778;4;9;0,308333333;4;5;00.08;0,495833333;2;2;1;1;5;6;3;0;2;2;3;22;brantja01
57;Christian Braun;SG;21;DEN;76;6;1181;143;289;0,34375;34;96;0,245833333;109;193;0,392361111;0,384722222;40;64;0,434027778;48;133;181;59;41;17;35;101;360;braunch01
58;Mikal Bridges;SF-SG;26;BRK;83;83;2963;593;1267;0,325;169;442;0,265277778;424;825;0,356944444;0,371527778;316;353;0,621527778;79;285;364;273;91;61;127;159;1671;bridgmi01
59;Oshae Brissett;PF;24;IND;65;2;1083;123;319;0,268055556;48;155;00.31;75;164;0,317361111;0,320138889;104;145;0,497916667;62;156;218;44;33;13;34;79;398;brissos01
60;Malcolm Brogdon;PG;30;BOS;67;0;1744;354;732;0,336111111;132;297;0,308333333;222;435;00.51;0,398611111;160;184;0,060416667;42;238;280;248;45;18;98;109;1000;brogdma01
61;Dillon Brooks;SF;27;MEM;73;73;2214;392;991;0,275;143;439;0,226388889;249;552;0,313194444;0,325;120;154;0,540972222;45;199;244;189;65;16;104;240;1047;brookdi01
62;Bruce Brown;SF;26;DEN;80;31;2280;358;741;0,335416667;91;254;0,248611111;267;487;0,380555556;0,378472222;116;153;0,526388889;63;265;328;268;87;51;123;190;923;brownbr01
63;Greg Brown III;PF;21;POR;16;0;93;11;28;0,272916667;1;7;0,099305556;10;21;0,330555556;0,285416667;5;12;0,289583333;2;17;19;3;4;5;6;13;28;browngr01
64;Jaylen Brown;SF;26;BOS;67;67;2405;679;1383;0,340972222;163;487;0,232638889;516;896;0,4;00.55;263;344;0,53125;78;381;459;232;75;26;197;172;1784;brownja02
65;Kendall Brown;SG;19;IND;6;0;40;4;7;0,396527778;0;1;0;4;6;0,463194444;0,396527778;1;2;00.05;2;4;6;3;4;0;2;9;9;brownke03
66;Moses Brown;C;23;BRK;36;1;294;61;96;0,440972222;0;0;;61;96;0,440972222;0,440972222;33;72;0,318055556;57;82;139;4;4;14;15;39;155;brownmo01
67;Sterling Brown;SF;27;LAL;4;0;24;0;4;0;0;2;0;0;2;0;0;0;0;;3;5;8;2;3;0;0;4;0;brownst02
68;Troy Brown Jr.;SF;23;LAL;76;45;1860;200;465;00.43;107;281;0,264583333;93;184;0,350694444;0,378472222;34;39;0,605555556;62;246;308;95;59;16;49;120;541;browntr01
69;Jalen Brunson;PG;26;NYK;68;68;2379;587;1195;0,340972222;134;322;0,288888889;453;873;0,360416667;0,379861111;325;392;0,575694444;40;201;241;421;61;15;142;152;1633;brunsja01
70;Thomas Bryant;C;25;DEN;59;26;1081;230;369;0,432638889;26;59;0,30625;204;310;0,456944444;0,457638889;93;126;0,5125;86;253;339;31;16;30;38;102;579;bryanth01
71;Reggie Bullock;SF;31;DAL;78;55;2364;192;470;0,284027778;151;397;00.38;41;73;0,390277778;0,395138889;26;37;0,488194444;32;251;283;108;54;13;36;166;561;bullore01
72;Alec Burks;SG;31;DET;51;8;1122;200;459;0,302777778;99;239;0,2875;101;220;0,31875;0,377777778;153;188;0,565277778;19;139;158;114;38;8;58;98;652;burksal01
73;Deonte Burton;PF;29;SAC;2;0;6;0;2;0;0;1;0;0;1;0;0;0;0;;0;0;0;0;0;0;0;0;0;burtode02
74;Jared Butler;PG;22;OKC;6;1;77;15;32;0,325694444;7;14;00.05;8;18;0,308333333;0,401388889;0;0;;1;3;4;8;5;0;5;5;37;butleja02
75;Jimmy Butler;PF;33;MIA;64;64;2138;479;888;0,374305556;36;103;00.35;443;785;0,391666667;00.56;472;555;0,059027778;141;234;375;340;117;21;101;80;1466;butleji01
76;John Butler;C;20;POR;19;1;221;17;53;0,222916667;8;35;0,159027778;9;18;00.05;0,275;3;4;0,052083333;3;14;17;11;7;9;1;22;45;butlejo01
77;Jamal Cain;PF;23;MIA;18;0;240;37;66;0,389583333;7;20;00.35;30;46;0,452777778;0,426388889;17;22;0,536805556;15;37;52;12;11;1;6;21;98;cainja01
78;Kentavious Caldwell-Pope;SG;29;DEN;76;76;2381;292;632;0,320833333;135;319;0,29375;157;313;0,348611111;0,395138889;103;125;0,572222222;35;173;208;183;112;35;86;145;822;caldwke01
79;Facundo Campazzo;PG;31;DAL;8;0;52;3;13;0,160416667;3;11;0,189583333;0;2;0;0,240277778;1;2;00.05;0;2;2;9;6;0;3;3;10;campafa01
80;Vlatko ÄŒanÄar;PF;25;DEN;60;9;889;108;227;0,330555556;43;115;0,259722222;65;112;00.58;00.57;38;41;0,64375;24;104;128;80;22;14;37;84;297;cancavl01
81;Clint Capela;C;28;ATL;65;63;1730;350;536;0,453472222;0;1;0;350;535;0,454166667;0,453472222;79;131;0,41875;258;459;717;58;45;79;54;139;779;capelca01
82;Vernon Carey Jr.;C;21;WAS;11;0;28;2;8;00.25;0;0;;2;8;00.25;00.25;2;2;1;3;8;11;3;2;2;2;5;6;careyve01
83;Jevon Carter;PG;27;MIL;81;39;1810;239;565;0,29375;142;337;0,292361111;97;228;0,295138889;0,38125;31;38;0,566666667;35;167;202;197;66;29;78;158;651;carteje01
84;Wendell Carter Jr.;C;23;ORL;57;54;1690;322;613;0,364583333;80;225;0,247222222;242;388;0,433333333;0,410416667;144;195;0,5125;120;377;497;132;30;33;106;159;868;cartewe01
85;Michael Carter-Williams;PG;31;ORL;4;0;44;6;14;0,297916667;1;3;0,23125;5;11;0,315972222;0,322222222;4;7;0,396527778;1;4;5;7;1;1;4;5;17;cartemi01
86;Alex Caruso;PG;28;CHI;67;36;1575;130;286;0,315972222;55;151;0,252777778;75;135;0,386111111;0,382638889;59;73;0,561111111;42;154;196;193;98;46;77;159;374;carusal01
87;Julian Champagnie;SF;21;SAS;17;3;320;59;130;0,315277778;33;82;0,279166667;26;48;0,376388889;0,403472222;14;17;0,572222222;10;50;60;10;6;5;11;26;165;champju02
89;Kennedy Chandler;PG;20;MEM;36;0;281;35;83;0,293055556;2;15;0,092361111;33;68;0,336805556;0,301388889;6;13;0,320833333;9;29;38;58;12;5;18;15;78;chandke01
90;Max Christie;SG;19;LAL;41;3;512;44;106;0,288194444;26;62;0,290972222;18;44;0,284027778;0,373611111;14;16;0,607638889;7;68;75;21;9;7;13;33;128;chrisma02
91;Josh Christopher;SG;21;HOU;64;2;786;153;329;0,322916667;21;89;0,163888889;132;240;00.55;0,345138889;45;60;0,052083333;20;51;71;73;33;15;60;59;372;chrisjo01
92;Brandon Clarke;PF;26;MEM;56;8;1090;229;349;0,455555556;1;6;0,115972222;228;343;0,461805556;0,456944444;99;137;0,502083333;92;218;310;72;34;37;55;131;558;clarkbr01
93;Jordan Clarkson;SG;30;UTA;61;61;1988;458;1031;0,308333333;155;459;0,234722222;303;572;00.53;0,360416667;200;245;0,566666667;72;174;246;270;33;13;186;120;1271;clarkjo01
94;Nic Claxton;C;23;BRK;76;76;2271;414;587;0,489583333;0;2;0;414;585;0,491666667;0,489583333;133;246;0,375694444;184;518;702;144;65;189;96;212;961;claxtni01
95;Amir Coffey;SF;25;LAC;50;9;625;56;145;0,268055556;11;40;0,190972222;45;105;0,297916667;0,294444444;49;63;0,540277778;17;36;53;53;7;5;21;50;172;coffeam01
96;John Collins;PF;25;ATL;71;71;2130;359;707;0,352777778;70;240;0,202777778;289;467;0,429861111;0,386805556;143;178;0,557638889;77;385;462;85;42;73;79;220;931;collijo01
97;Zach Collins;C;25;SAS;63;26;1441;284;548;0,359722222;55;147;0,259722222;229;401;0,396527778;0,394444444;108;142;0,528472222;116;286;402;180;37;49;129;199;731;colliza01
98;Chance Comanche;C;26;POR;1;0;21;3;5;00.06;0;0;;3;5;00.06;00.06;1;4;00.25;2;1;3;0;0;1;0;0;7;comanch01
99;Mike Conley;PG;35;MIN;67;66;2029;261;610;0,297222222;135;351;0,267361111;126;259;0,3375;0,374305556;141;169;0,579166667;33;149;182;450;73;14;103;139;798;conlemi01
100;Pat Connaughton;SF;30;MIL;61;33;1443;165;421;0,272222222;109;322;0,235416667;56;99;0,393055556;0,361805556;27;41;0,457638889;50;233;283;77;37;11;33;69;466;connapa01
101;Xavier Cooks;PF;27;WAS;10;1;126;17;28;0,421527778;0;1;0;17;27;0,04375;0,421527778;4;10;00.04;16;22;38;6;6;4;8;13;38;cooksxa01
102;Robert Covington;PF;32;LAC;48;0;779;102;229;0,309027778;54;136;0,275694444;48;93;0,358333333;0,390972222;30;40;0,052083333;31;135;166;57;38;33;32;86;288;covinro01
103;Torrey Craig;PF;32;PHO;79;60;1948;228;500;0,316666667;100;253;0,274305556;128;247;0,359722222;0,386111111;32;45;0,49375;145;281;426;117;50;62;73;179;588;craigto01
104;Jae Crowder;PF;32;MIL;18;3;340;45;94;0,332638889;24;55;0,302777778;21;39;0,373611111;0,420833333;10;12;0,578472222;17;52;69;27;12;6;7;27;124;crowdja01
105;Jarrett Culver;SF;23;ATL;10;1;137;17;43;0,274305556;1;12;0.083;16;31;0,358333333;0,282638889;9;13;0,480555556;10;28;38;6;6;2;7;14;44;culveja01
106;Cade Cunningham;PG;21;DET;12;12;400;93;224;0,288194444;17;61;0,19375;76;163;0,323611111;0,314583333;36;43;0,58125;12;62;74;72;10;7;39;34;239;cunnica01
107;Seth Curry;SG;32;BRK;61;7;1211;208;449;0,321527778;94;232;0,28125;114;217;0,364583333;0,394444444;51;55;0,64375;13;87;100;99;36;7;51;96;561;curryse01
108;Stephen Curry;PG;34;GSW;56;56;1941;559;1133;0,342361111;273;639;0,296527778;286;494;0,402083333;0,426388889;257;281;0,635416667;39;302;341;352;52;20;179;117;1648;curryst01
109;Dyson Daniels;PG;19;NOP;59;11;1042;87;208;0,290277778;27;86;0,218055556;60;122;0,341666667;0,335416667;26;40;0,045138889;36;152;188;134;43;11;57;99;227;daniedy01
110;Anthony Davis;C;29;LAL;56;54;1904;542;962;0,390972222;19;74;0,178472222;523;888;0,409027778;0,397916667;348;444;0,544444444;195;507;702;148;59;114;122;146;1451;davisan02
111;Johnny Davis;SG;20;WAS;28;5;423;66;171;0,268055556;17;70;0,16875;49;101;0,336805556;0,302777778;14;27;0,360416667;10;55;65;28;10;8;17;48;163;davisjo06
112;Terence Davis;SG;25;SAC;64;5;841;154;364;0,29375;89;243;0,254166667;65;121;0,372916667;0,378472222;34;43;0,549305556;20;119;139;67;43;12;53;104;431;daviste02
113;JD Davison;SG;20;BOS;12;0;66;8;19;0,292361111;2;7;0,198611111;6;12;00.05;0,329166667;1;2;00.05;2;7;9;11;2;2;4;5;19;davisjd01
114;Darius Days;SF;23;HOU;4;0;25;5;12;0,289583333;3;10;00.03;2;2;1;0,376388889;2;2;1;1;5;6;1;0;1;0;2;15;daysda01
115;Dewayne Dedmon;C;33;PHI;38;1;426;77;151;00.51;12;39;0,213888889;65;112;00.58;00.55;33;49;0,467361111;34;100;134;26;9;19;25;75;199;dedmode01
116;Matthew Dellavedova;PG;32;SAC;32;0;213;17;50;00.34;9;27;0,23125;8;23;0,241666667;00.43;4;7;0,396527778;1;12;13;41;7;0;10;20;47;dellama01
117;DeMar DeRozan;SF;33;CHI;74;74;2682;657;1303;0,35;46;142;0,225;611;1161;0,365277778;0,3625;456;523;0,605555556;34;309;343;377;83;36;153;186;1816;derozde01
118;Moussa DiabatÃ©;C;21;LAC;22;1;195;24;47;0,354861111;1;2;00.05;23;45;0,354861111;0,361805556;10;16;0,434027778;31;19;50;4;7;8;9;15;59;diabamo01
119;Mamadi Diakite;C;26;CLE;22;2;176;24;50;00.48;7;21;0,23125;17;29;0,406944444;00.55;2;2;1;8;22;30;8;4;9;12;26;57;diakima01
120;Hamidou Diallo;SF;24;DET;56;0;996;215;375;0,397916667;5;21;0,165277778;210;354;0,411805556;00.58;87;148;0,408333333;57;137;194;55;53;16;71;124;522;diallha01
121;Gorgui Dieng;C;33;SAS;31;1;358;45;117;0,267361111;21;75;00.28;24;42;0,396527778;0,329166667;10;13;0,534027778;27;80;107;53;4;14;32;57;121;dienggo01
122;Ousmane Dieng;PF;19;OKC;39;1;569;76;181;00.42;26;98;0,184027778;50;83;0,418055556;0,341666667;15;23;0,452777778;19;86;105;46;14;7;26;42;193;diengou01
123;Spencer Dinwiddie;SG-PG;29;BRK;79;79;2725;460;1050;0,304166667;181;490;0,25625;279;560;0,345833333;0,363888889;268;330;0,563888889;28;242;270;515;67;24;145;187;1369;dinwisp01
124;Donte DiVincenzo;SG;26;GSW;72;36;1894;235;540;0,302083333;150;378;0,275694444;85;162;0,364583333;0,398611111;58;71;0,567361111;80;245;325;252;97;10;112;133;678;divindo01
125;Luka Dončić;PG;23;DAL;66;66;2391;719;1449;0,344444444;185;541;0,2375;534;908;0,408333333;00.56;515;694;0,515277778;54;515;569;529;90;33;236;166;2138;doncilu01
126;Tyler Dorsey;SF;26;DAL;3;0;8;4;5;00.08;1;2;00.05;3;3;1;00.09;0;0;;1;1;2;0;0;0;0;0;9;dorsety01
127;Luguentz Dort;SF;23;OKC;74;73;2272;339;873;0,269444444;135;409;00.33;204;464;00.44;0,323611111;200;259;0,536111111;128;216;344;154;75;23;92;243;1013;dortlu01
128;Ayo Dosunmu;SG;23;CHI;80;51;2098;281;570;0,342361111;59;189;0,216666667;222;381;0,404861111;0,378472222;66;82;0,559027778;45;175;220;206;62;26;99;182;687;dosunay01
129;Devon Dotson;PG;23;WAS;6;0;53;1;10;00.01;1;4;00.25;0;6;0;00.15;0;0;;6;4;10;8;5;0;3;9;3;dotsode01
130;Jeff Dowtin;PG;25;TOR;25;0;259;25;57;0,304861111;5;16;0,217361111;20;41;0,338888889;0,334722222;6;9;0,463194444;6;17;23;31;9;3;5;13;61;dowtije01
131;PJ Dozier;SF;26;SAC;16;0;79;10;33;0,210416667;2;16;0,086805556;8;17;0,327083333;0,23125;0;0;;1;13;14;10;6;1;5;7;22;doziepj01
132;Goran DragiÄ‡;PG;36;MIL;58;0;870;141;335;0,292361111;52;145;0,249305556;89;190;0,325;0,346527778;31;45;0,478472222;16;65;81;151;13;4;63;65;365;dragigo01
133;Andre Drummond;C;29;CHI;67;0;849;166;274;0,420833333;0;3;0;166;271;0,425694444;0,420833333;67;125;0,372222222;138;306;444;33;45;27;75;117;399;drumman01
134;Chris Duarte;SF;25;IND;46;12;897;123;333;0,25625;55;174;0,219444444;68;159;0,297222222;0,313888889;61;72;0,588194444;19;96;115;64;25;9;41;65;362;duartch01
135;David Duke Jr.;SG;23;BRK;23;0;228;36;78;0,320833333;1;12;0.083;35;66;00.53;0,325;12;17;0,490277778;11;18;29;21;10;1;18;31;85;dukeda01
136;Kris Dunn;PG;28;UTA;22;3;568;116;216;0,372916667;17;36;0,327777778;99;180;00.55;0,4;41;53;0,5375;9;91;100;124;25;10;35;58;290;dunnkr01
137;Kevin Durant;PF;34;PHO;47;47;1672;483;862;00.56;93;230;0,280555556;390;632;0,428472222;0,426388889;307;334;0,638194444;17;296;313;235;34;67;156;99;1366;duranke01
138;Jalen Duren;C;19;DET;67;31;1670;258;398;0,45;0;2;0;258;396;0,452777778;0,45;96;157;0,424305556;229;366;595;75;44;59;92;182;612;durenja01
139;Tari Eason;PF;21;HOU;82;5;1767;296;660;0,311111111;59;172;0,238194444;237;488;0,3375;0,342361111;109;145;0,522222222;195;301;496;88;96;47;101;189;760;easonta01
140;Anthony Edwards;SG;21;MIN;79;79;2842;707;1541;0,31875;213;578;0,25625;494;963;0,35625;0,366666667;319;422;0,525;47;411;458;350;125;58;259;186;1946;edwaran01
141;Kessler Edwards;SF;22;SAC;36;4;385;36;93;0,26875;17;55;0,214583333;19;38;00.05;0,331944444;11;15;0,509027778;23;38;61;23;14;6;13;40;100;edwarke02
142;Keon Ellis;SG;23;SAC;16;0;71;7;16;0,304166667;6;12;00.05;1;4;00.25;0,434027778;4;7;0,396527778;4;4;8;6;5;1;1;10;24;elliske01
143;Joel Embiid;C;28;PHI;66;66;2284;728;1328;0,380555556;66;200;00.33;662;1128;0,407638889;0,397916667;661;771;0,595138889;113;557;670;274;66;112;226;205;2183;embiijo01
144;Drew Eubanks;C;25;POR;78;28;1584;214;334;0,445138889;7;18;0,270138889;207;316;0,454861111;0,452083333;83;125;0,461111111;132;286;418;103;40;102;67;169;518;eubandr01
145;Bruno Fernando;C;24;ATL;39;4;405;59;112;0,365972222;0;4;0;59;108;0,379166667;0,365972222;35;50;00.07;54;83;137;31;6;34;25;74;153;fernabr01
146;Dorian Finney-Smith;PF;29;BRK;66;66;2009;196;501;0,271527778;114;338;0,234027778;82;163;0,349305556;0,350694444;45;59;0,529861111;114;202;316;100;55;36;62;144;551;finnedo01
147;Malachi Flynn;PG;24;TOR;53;2;691;87;242;00.36;47;133;0,245138889;40;109;0,254861111;0,317361111;25;33;0,526388889;15;61;76;70;21;4;25;65;246;flynnma01
148;Simone Fontecchio;SF;27;UTA;52;6;766;115;312;0,25625;63;191;00.33;52;121;00.43;00.47;35;44;0,552083333;31;55;86;42;15;8;39;62;328;fontesi01
149;Bryn Forbes;SG;29;MIN;25;0;268;30;83;0,250694444;14;46;0,211111111;16;37;0,3;0,309722222;15;15;1;4;11;15;17;7;2;12;22;89;forbebr01
150;Trent Forrest;SG;24;ATL;23;3;277;25;60;0,289583333;0;2;0;25;58;0,299305556;0,289583333;2;3;0,463194444;5;32;37;38;7;2;15;17;52;forretr01
151;Michael Foster Jr.;PF;20;PHI;1;0;1;0;0;;0;0;;0;0;;;0;0;;0;0;0;0;0;0;0;0;0;fostemi02
152;Evan Fournier;SG;30;NYK;27;7;459;56;166;0,234027778;35;114;0,213194444;21;52;0,280555556;0,307638889;18;21;0,595138889;4;45;49;36;16;3;22;46;165;fournev01
153;De'Aaron Fox;PG;25;SAC;73;73;2435;682;1331;0,355555556;119;367;0,225;563;964;0,405555556;0,386805556;343;440;0,054166667;40;266;306;447;83;23;181;172;1826;foxde01
154;Markelle Fultz;PG;24;ORL;60;60;1778;349;679;0,356944444;27;87;00.31;322;592;0,377777778;0,370833333;112;143;0,54375;69;165;234;341;87;26;139;131;837;fultzma01
155;Wenyen Gabriel;C;25;LAL;68;2;1024;155;260;0,413888889;10;36;0,193055556;145;224;0,449305556;0,427083333;52;84;0,429861111;116;170;286;36;26;35;46;144;372;gabriwe01
156;Daniel Gafford;C;24;WAS;78;47;1604;289;395;0,508333333;0;0;;289;395;0,508333333;0,508333333;127;187;0,471527778;163;270;433;84;33;99;85;187;705;gaffoda01
157;Darius Garland;PG;23;CLE;69;69;2447;522;1129;0,320833333;169;412;00.41;353;717;0,341666667;0,372916667;277;321;0,599305556;28;157;185;538;85;9;199;148;1490;garlada01
158;Usman Garuba;C;20;HOU;75;1;970;86;177;0,3375;24;59;0,282638889;62;118;0,364583333;0,384722222;29;47;0,428472222;120;187;307;64;44;29;47;135;225;garubus01
159;Luka Garza;C;24;MIN;28;0;243;63;116;0,377083333;14;39;0,249305556;49;77;0,441666667;0,41875;41;52;0,547222222;33;30;63;18;3;2;14;43;181;garzalu01
160;Rudy Gay;PF;36;UTA;56;0;816;109;287;00.38;33;130;0,176388889;76;157;0,336111111;0,303472222;42;49;0,595138889;33;130;163;57;19;18;37;68;293;gayru01
161;Paul George;SF;32;LAC;56;56;1939;459;1004;0,317361111;158;426;0,257638889;301;578;0,361805556;0,372222222;256;294;0,604861111;45;297;342;288;83;20;176;159;1332;georgpa01
162;Taj Gibson;C;37;WAS;49;2;480;65;125;00.52;8;24;0,23125;57;101;0,391666667;0,383333333;30;42;0,495833333;32;61;93;34;15;12;26;84;168;gibsota01
163;Josh Giddey;PF;20;OKC;76;76;2367;539;1118;0,334722222;76;234;0,225694444;463;884;0,363888889;0,358333333;106;145;0,507638889;148;451;599;469;57;31;211;143;1260;giddejo01
164;Shai Gilgeous-Alexander;PG;24;OKC;68;68;2416;704;1381;00.51;58;168;0,239583333;646;1213;0,370138889;0,36875;669;739;0,628472222;59;270;329;371;112;65;192;192;2135;gilgesh01
165;Anthony Gill;PF;30;WAS;59;8;624;71;132;0,373611111;4;29;0,095833333;67;103;0,045138889;0,384027778;49;67;0,507638889;37;62;99;34;7;12;15;70;195;gillan01
166;Jacob Gilyard;PG;24;MEM;1;0;41;1;3;0,23125;1;3;0,23125;0;0;;00.05;0;0;;0;4;4;7;3;0;2;3;3;gilyaja01
167;Rudy Gobert;C;30;MIN;70;70;2148;360;546;0,457638889;0;3;0;360;543;0,460416667;0,457638889;219;340;0,447222222;231;583;814;87;56;95;122;210;939;goberru01
168;Jordan Goodwin;PG;24;WAS;62;7;1106;158;353;0,311111111;38;118;0,223611111;120;235;0,354861111;0,347916667;53;69;0,533333333;57;148;205;168;58;26;57;95;407;goodwjo01
169;Aaron Gordon;PF;27;DEN;68;68;2055;429;761;0,391666667;60;173;0,240972222;369;588;0,436111111;0,41875;191;314;0,422222222;164;282;446;203;54;51;98;129;1109;gordoaa01
170;Eric Gordon;SG;34;LAC;69;58;1965;291;653;0,309722222;132;356;0,257638889;159;297;0,371527778;0,379861111;142;173;0,570138889;16;118;134;183;43;25;104;78;856;gordoer01
171;Devonte' Graham;PG;27;SAS;73;8;1338;161;431;0,259722222;119;338;0,244444444;42;93;0,313888889;0,355555556;98;131;0,519444444;19;103;122;196;45;16;53;79;539;grahade01
172;Jerami Grant;PF;28;POR;63;63;2246;434;913;0,329861111;144;359;0,278472222;290;554;0,363194444;0,384722222;278;342;0,564583333;53;230;283;150;51;53;116;152;1290;grantje01
173;RaiQuan Gray;PF;23;BRK;1;0;35;6;12;00.05;2;5;00.04;4;7;0,396527778;0,404861111;2;2;1;3;6;9;7;0;1;4;5;16;grayra01
174;A.J. Green;SG;23;MIL;35;1;345;53;125;0,294444444;44;105;0,290972222;9;20;00.45;00.06;4;4;1;6;39;45;22;6;0;9;31;154;greenaj01
175;Danny Green;SG;35;CLE;11;0;138;22;49;0,311805556;16;37;0,3;6;12;00.05;0,425;1;1;1;3;11;14;6;6;3;10;16;61;greenda02
176;Draymond Green;PF;32;GSW;73;73;2297;250;474;0,365972222;40;131;0,211805556;210;343;0,425;00.57;77;108;0,495138889;66;459;525;500;74;60;204;229;617;greendr01
177;Jalen Green;SG;20;HOU;76;76;2602;566;1359;0,288888889;187;554;0,234722222;379;805;0,327083333;0,336805556;364;463;0,545833333;43;241;284;281;59;18;200;131;1683;greenja05
178;JaMychal Green;PF;32;GSW;57;1;797;136;252;00.54;42;111;0,2625;94;141;0,463194444;0,432638889;52;67;0,538888889;72;133;205;51;25;23;52;105;366;greenja01
179;Javonte Green;SF;29;CHI;32;1;480;61;108;0,392361111;13;35;0,257638889;48;73;0,456944444;0,434027778;30;45;0,463194444;27;61;88;23;24;21;20;52;165;greenja02
180;Jeff Green;PF;36;DEN;56;4;1091;160;328;0,338888889;30;104;0,2;130;224;00.58;0,370833333;87;117;0,516666667;38;106;144;69;18;17;46;99;437;greenje02
181;Josh Green;SG;22;DAL;60;21;1539;205;382;0,372916667;68;169;0,279166667;137;213;0,446527778;0,434722222;68;94;0,502083333;55;127;182;103;42;5;72;156;546;greenjo02
182;AJ Griffin;SF;19;ATL;72;12;1401;248;533;0,322916667;101;259;00.39;147;274;0,372222222;00.56;42;47;0,620833333;37;116;153;73;42;12;42;87;639;griffaj01
183;Blake Griffin;C;33;BOS;41;16;569;63;130;0,336805556;23;66;0,241666667;40;64;0,434027778;0,397916667;21;32;0,455555556;47;108;155;61;14;9;22;75;170;griffbl01
184;Quentin Grimes;SG;22;NYK;71;66;2121;282;602;0,325;157;407;0,268055556;125;195;0,445138889;0,415972222;78;98;0,552777778;49;180;229;150;47;26;69;177;799;grimequ01
185;Rui Hachimura;PF;24;LAL;63;9;1466;284;584;0,3375;51;160;0,221527778;233;424;00.55;00.53;88;119;0,513194444;53;230;283;58;19;26;53;72;707;hachiru01
186;Tyrese Haliburton;PG;22;IND;56;56;1883;412;841;00.49;161;402;00.04;251;439;0,397222222;0,406944444;175;201;0,604861111;33;172;205;585;91;25;141;69;1160;halibty01
187;Jordan Hall;SF;21;SAS;9;0;83;9;28;0,222916667;3;15;00.02;6;13;0,320833333;0,260416667;7;9;0,540277778;3;9;12;11;1;0;7;6;28;halljo02
188;R.J. Hampton;SG;21;DET;47;3;750;102;237;00.43;41;116;0,245138889;61;121;0,35;0,359027778;57;76;0,052083333;18;69;87;54;27;9;42;51;302;hamptrj01
189;Tim Hardaway Jr.;SF;30;DAL;71;45;2152;340;847;0,278472222;212;550;0,267361111;128;297;0,299305556;0,365972222;127;165;0,053472222;21;230;251;129;49;12;60;120;1019;hardati02
190;James Harden;PG;33;PHI;58;58;2135;371;842;0,30625;161;418;0,267361111;210;424;0,34375;0,372222222;313;361;0,602083333;40;314;354;618;71;31;195;112;1216;hardeja01
191;Jaden Hardy;SG;20;DAL;48;5;708;146;333;0,304166667;63;156;0,280555556;83;177;0,325694444;0,370138889;65;79;0,571527778;11;78;89;65;17;7;46;64;420;hardyja02
192;Ron Harper Jr.;PF;22;TOR;9;0;48;8;16;00.05;3;9;0,23125;5;7;0,495833333;0,4125;1;1;1;3;4;7;4;0;1;0;3;20;harpero02
193;Montrezl Harrell;C;29;PHI;57;7;681;125;209;0,415277778;0;6;0;125;203;0,427777778;0,415277778;70;101;0,48125;67;92;159;33;17;25;35;75;320;harremo01
194;Gary Harris;SG;28;ORL;48;42;1184;138;307;00.45;94;218;0,299305556;44;89;0,343055556;0,41875;27;30;00.09;21;77;98;59;45;12;28;93;397;harriga01
195;Joe Harris;SF;31;BRK;74;33;1527;201;440;0,317361111;142;333;0,295833333;59;107;0,382638889;0,429166667;18;28;0,446527778;23;141;164;101;34;13;41;140;562;harrijo01
196;Kevon Harris;SG;25;ORL;34;0;457;47;107;0,304861111;16;43;0,258333333;31;64;0,336111111;0,356944444;31;41;0,525;28;42;70;16;17;5;21;53;141;harrike01
197;Tobias Harris;SF;30;PHI;74;74;2436;423;845;0,347916667;126;324;0,270138889;297;521;00.57;0,399305556;113;129;0,608333333;67;357;424;186;68;40;89;149;1085;harrito02
198;Shaquille Harrison;SG;29;POR;5;0;120;15;36;0,289583333;3;10;00.03;12;26;0,320833333;0,318055556;11;15;0,509027778;1;21;22;30;11;2;6;12;44;harrish01
199;Josh Hart;SF;27;NYK;76;52;2454;275;520;0,367361111;61;164;0,258333333;214;356;0,417361111;0,408333333;132;176;0,052083333;142;451;593;290;88;21;117;195;743;hartjo01
200;Isaiah Hartenstein;C;24;NYK;82;8;1626;175;327;0,371527778;8;37;0,15;167;290;0,4;0,379861111;48;71;0,469444444;209;327;536;102;53;64;66;213;406;harteis01
201;Udonis Haslem;C;42;MIA;7;1;71;10;29;0,239583333;3;9;0,23125;7;20;00.35;0,275694444;4;5;00.08;4;7;11;0;1;2;1;11;27;hasleud01
202;Sam Hauser;SF;25;BOS;80;8;1290;180;396;0,315972222;140;335;0,290277778;40;61;0,455555556;0,438194444;12;17;0,490277778;35;169;204;71;29;21;30;99;512;hausesa01
203;Jaxson Hayes;C;22;NOP;47;2;610;86;156;0,382638889;3;29;0,071527778;83;127;0,454166667;0,389583333;58;83;0,485416667;39;93;132;34;20;19;31;67;233;hayesja02
204;Killian Hayes;PG;21;DET;76;56;2154;307;815;0,261805556;80;286;00.28;227;529;0,297916667;0,295833333;92;112;0,570138889;28;193;221;470;104;28;173;219;786;hayeski01
205;Gordon Hayward;SF;32;CHO;50;50;1577;276;581;0,329861111;52;160;0,225694444;224;421;0,369444444;00.52;129;159;0,563194444;33;182;215;206;42;12;99;70;733;haywago01
206;Juancho HernangÃ³mez;PF;27;TOR;42;10;614;48;114;0,292361111;17;67;0,176388889;31;47;0,045833333;0,344444444;9;16;0,390972222;27;96;123;25;16;6;15;43;122;hernaju01
207;Willy HernangÃ³mez;C;28;NOP;38;2;458;89;169;0,365972222;3;11;0,189583333;86;158;0,377777778;0,372222222;81;104;0,540972222;58;122;180;33;17;13;39;64;262;hernawi01
208;Tyler Herro;SG;23;MIA;67;67;2337;487;1109;0,304861111;203;537;0,2625;284;572;0,345138889;0,36875;170;182;0,648611111;27;333;360;280;51;16;158;101;1347;herroty01
209;Buddy Hield;SF;30;IND;80;73;2482;475;1038;0,318055556;288;677;0,295138889;187;361;0,359722222;0,413888889;106;129;0,570833333;67;333;400;225;92;26;139;156;1344;hieldbu01
210;Haywood Highsmith;PF;26;MIA;54;11;969;93;216;0,299305556;37;109;0,235416667;56;107;0,363194444;0,358333333;13;28;0,322222222;57;131;188;43;36;17;45;82;236;highsha01
211;George Hill;PG-SG;36;IND;46;1;834;78;166;00.47;34;95;0,248611111;44;71;0,043055556;0,397222222;42;55;0,530555556;15;70;85;110;26;6;34;55;232;hillge01
212;Malcolm Hill;SF;27;CHI;5;0;9;2;4;00.05;1;3;0,23125;1;1;1;0,434027778;0;0;;0;3;3;0;0;0;0;1;5;hillma01
213;Aaron Holiday;PG;26;ATL;63;6;845;92;220;0,290277778;36;88;0,284027778;56;132;0,294444444;00.05;27;32;0,586111111;25;49;74;89;37;12;36;79;247;holidaa01
214;Jrue Holiday;PG;32;MIL;67;65;2183;490;1023;0,332638889;158;411;0,266666667;332;612;0,376388889;0,386111111;152;177;0,596527778;79;262;341;495;79;25;197;116;1290;holidjr01
215;Justin Holiday;SF;33;DAL;46;2;706;77;204;0,261805556;46;143;0,223611111;31;61;0,352777778;00.49;5;8;0,434027778;5;50;55;41;19;19;22;68;205;holidju01
216;Richaun Holmes;C;29;SAC;42;1;348;55;89;0,429166667;5;8;0,434027778;50;81;0,428472222;0,448611111;15;19;0,547916667;29;51;80;9;3;11;14;50;130;holmeri01
217;Al Horford;C;36;BOS;63;63;1922;228;479;0,330555556;145;325;0,309722222;83;154;0,374305556;0,435416667;15;21;0,495833333;73;317;390;189;30;61;37;121;616;horfoal01
218;Talen Horton-Tucker;SG;22;UTA;65;20;1313;257;613;0,290972222;58;203;0,198611111;199;410;0,336805556;0,324305556;126;168;0,052083333;41;169;210;246;41;29;126;108;698;hortota01
219;Danuel House Jr.;SF;29;PHI;56;5;807;93;197;0,327777778;37;110;0,233333333;56;87;0,447222222;0,393055556;45;60;0,052083333;9;85;94;44;14;9;26;69;268;houseda01
220;Caleb Houstan;SF;20;ORL;51;4;812;66;182;0,252083333;46;136;0,234722222;20;46;0,302083333;0,339583333;15;18;0,578472222;34;65;99;30;12;7;18;63;193;houstca01
221;Trevor Hudgins;PG;23;HOU;5;0;28;2;9;0,154166667;2;8;00.25;0;1;0;0,23125;3;3;1;0;0;0;3;0;0;1;1;9;hudgitr01
222;Kevin Huerter;SG;24;SAC;75;75;2203;420;866;0,336805556;205;510;0,279166667;215;356;0,419444444;0,41875;95;131;0,503472222;42;209;251;221;80;24;97;181;1140;huertke01
223;Jay Huff;C;24;WAS;7;0;95;15;25;00.06;6;12;00.05;9;13;0,480555556;0,05;15;16;0,651388889;6;15;21;10;3;4;5;15;51;huffja01
224;De'Andre Hunter;SF;25;ATL;67;67;2126;379;822;0,320138889;100;286;00.35;279;536;0,361805556;0,3625;171;207;0,573611111;46;238;284;94;35;17;82;199;1029;huntede01
225;Bones Hyland;PG;22;LAC;56;1;1085;228;571;0,277083333;117;315;0,257638889;111;256;0,301388889;0,348611111;86;102;0,585416667;20;115;135;172;39;15;82;96;659;hylanbo01
226;Serge Ibaka;C;33;MIL;16;0;185;26;54;0,334027778;6;18;0,23125;20;36;0,386111111;0,372916667;8;13;0,427083333;15;29;44;4;2;7;11;23;66;ibakase01
227;Andre Iguodala;PF;39;GSW;8;0;113;7;15;0,324305556;1;9;0,077083333;6;6;1;00.05;2;3;0,463194444;3;14;17;19;4;3;9;11;17;iguodan01
228;Joe Ingles;SF;35;MIL;46;0;1044;108;248;0,302083333;83;203;0,284027778;25;45;0,386111111;0,41875;18;21;0,595138889;13;115;128;150;33;6;55;74;317;inglejo01
229;Brandon Ingram;SF;25;NOP;45;45;1538;404;835;0,336111111;64;164;00.39;340;671;0,352083333;0,3625;240;272;0,6125;23;223;246;262;32;19;148;116;1112;ingrabr01
230;Kyrie Irving;PG-SG;30;DAL;60;60;2241;594;1203;0,343055556;188;496;0,263194444;406;707;0,398611111;0,397222222;247;273;0,628472222;59;245;304;331;66;45;128;165;1623;irvinky01
231;Jonathan Isaac;PF;25;ORL;11;0;124;22;53;0,288194444;6;15;00.04;16;38;0,292361111;0,327777778;5;9;0,386111111;15;29;44;6;14;4;4;5;55;isaacjo01
232;Jaden Ivey;SG;20;DET;74;73;2304;409;983;0,288888889;120;350;0,238194444;289;633;0,317361111;0,33125;266;356;0,51875;73;215;288;387;61;17;237;242;1204;iveyja01
233;Frank Jackson;PG;24;UTA;1;0;5;0;3;0;0;1;0;0;2;0;0;0;0;;1;1;2;1;0;0;0;0;0;jacksfr01
234;Isaiah Jackson;C;21;IND;63;12;1042;179;318;0,390972222;2;14;0,099305556;177;304;0,404166667;0,393055556;95;146;0,452083333;113;169;282;51;31;93;51;154;455;jacksis01
235;Jaren Jackson Jr.;C;23;MEM;63;63;1787;416;822;0,351388889;100;282;0,246527778;316;540;0,40625;0,39375;241;306;0,547222222;108;318;426;60;65;189;107;227;1173;jacksja02
236;Justin Jackson;SF;27;BOS;23;0;107;7;27;0,179861111;5;20;00.25;2;7;0,198611111;0,244444444;1;2;00.05;2;15;17;9;4;4;2;7;20;jacksju01
237;Quenton Jackson;PG;24;WAS;9;0;135;19;42;0,313888889;1;12;0.083;18;30;00.06;0,322222222;17;22;0,536805556;2;6;8;15;4;1;4;10;56;jacksqu01
238;Reggie Jackson;PG;32;DEN;68;40;1657;263;640;0,285416667;96;288;0,23125;167;352;0,329166667;0,3375;71;78;0,063194444;25;119;144;233;47;6;115;114;693;jacksre01
239;LeBron James;PF;38;LAL;55;54;1954;609;1219;00.05;121;377;0,222916667;488;842;00.58;0,38125;251;327;0,533333333;65;392;457;375;50;32;178;88;1590;jamesle01
240;Ty Jerome;SG;25;GSW;45;2;816;118;242;0,338888889;35;90;0,270138889;83;152;0,379166667;00.56;38;41;0,64375;7;71;78;135;23;5;30;64;309;jeromty01
241;Isaiah Joe;SG;23;OKC;73;10;1395;224;508;0,30625;161;394;0,284027778;63;114;0,384027778;0,415972222;82;100;0,056944444;27;148;175;88;48;8;39;105;691;joeis01
242;Alize Johnson;PF;26;SAS;4;0;30;3;6;00.05;0;2;0;3;4;0,052083333;00.05;1;2;00.05;2;8;10;1;1;0;4;3;7;johnsal02
243;Cameron Johnson;PF;26;BRK;42;41;1199;223;474;00.47;103;255;0,280555556;120;219;0,380555556;0,402083333;101;120;0,584722222;34;151;185;78;50;14;37;83;650;johnsca02
244;Jalen Johnson;SF;21;ATL;70;6;1042;158;322;0,340972222;30;104;0,2;128;218;0,407638889;0,372916667;49;78;0,436111111;51;231;282;83;38;34;41;113;395;johnsja05
245;James Johnson;PF;35;IND;18;1;162;22;49;0,311805556;3;15;00.02;19;34;0,388194444;00.48;4;8;00.05;4;26;30;15;7;6;8;32;51;johnsja01
246;Keldon Johnson;SF;23;SAS;63;63;2063;503;1113;0,313888889;134;407;0,228472222;369;706;0,363194444;0,355555556;245;327;0,520138889;56;262;318;183;46;11;134;125;1385;johnske04
247;Keon Johnson;SG;20;POR;40;0;416;67;178;0,261111111;28;81;0,240277778;39;97;0,279166667;0,315972222;27;41;0,457638889;11;33;44;59;19;6;43;43;189;johnske07
248;Stanley Johnson;SF;26;SAS;30;0;469;65;122;0,370138889;18;40;00.45;47;82;0,397916667;0,421527778;26;39;0,463194444;22;73;95;67;16;6;33;48;174;johnsst04
249;Nikola Joki_ ;C;27;DEN;69;69;2323;646;1022;0,438888889;57;149;0,265972222;589;873;0,46875;0,045833333;341;415;0,570833333;167;650;817;678;87;47;247;174;1690;jokicni01
250;Carlik Jones;PG;25;CHI;7;0;56;6;15;00.04;3;6;00.05;3;9;0,23125;00.05;5;8;0,434027778;1;4;5;6;2;0;2;2;20;jonesca03
251;Damian Jones;C;27;UTA;41;1;477;55;86;0,044444444;10;17;0,408333333;45;69;0,452777778;0,484722222;22;29;0,527083333;42;80;122;15;8;21;23;55;142;jonesda03
252;Derrick Jones Jr.;PF;25;CHI;64;0;893;115;230;00.05;27;80;0,234722222;88;150;0,407638889;0,388194444;62;84;0,5125;60;93;153;34;29;37;25;86;319;jonesde02
253;Herbert Jones;PF;24;NOP;66;66;1951;235;501;0,325694444;56;167;0,232638889;179;334;0,372222222;0,364583333;123;161;0,530555556;97;172;269;162;103;42;88;208;649;joneshe01
254;Kai Jones;C;22;CHO;46;0;550;67;120;0,3875;4;19;0,146527778;63;101;0,433333333;0,399305556;19;26;0,507638889;37;86;123;15;17;30;31;65;157;joneska01
255;Tre Jones;PG;23;SAS;68;65;1984;341;743;0,31875;45;158;0,197916667;296;585;0,351388889;0,339583333;148;172;0,059722222;56;189;245;448;89;9;110;98;875;jonestr01
256;Tyus Jones;PG;26;MEM;80;22;1940;311;710;0,304166667;121;326;0,257638889;190;384;0,34375;0,363194444;80;100;00.08;28;172;200;417;83;6;74;32;823;jonesty01
257;DeAndre Jordan;C;34;DEN;39;8;586;88;115;0,53125;1;1;1;87;114;0,529861111;0,053472222;22;48;0,318055556;52;150;202;34;12;23;48;71;199;jordade01
258;Cory Joseph;PG;31;DET;62;2;1227;150;351;0,296527778;70;180;0,270138889;80;171;0,325;0,365972222;57;72;0,55;21;85;106;217;34;9;56;88;427;josepco01
259;Nikola Joki_ ;PF;19;MIA;15;8;204;28;69;0,281944444;8;35;0,159027778;20;34;0,408333333;0,322222222;18;19;0,657638889;9;22;31;10;7;2;10;19;82;jovicni01
260;Johnny Juzang;SG;21;UTA;18;0;232;35;104;0,234027778;15;63;0,165277778;20;41;0,338888889;0,284027778;2;4;00.05;8;31;39;8;4;3;3;13;87;juzanjo01
261;Mfiondu Kabengele;PF;25;BOS;4;0;36;2;7;0,198611111;0;3;0;2;4;00.05;0,198611111;2;2;1;5;5;10;0;2;0;1;3;6;kabenmf01
262;Frank Kaminsky;C;29;HOU;36;0;235;31;63;0,341666667;13;33;0,273611111;18;30;00.06;0,413194444;14;16;0,607638889;7;45;52;32;6;4;9;22;89;kaminfr01
263;Trevor Keels;SG;19;NYK;3;0;8;1;4;00.25;1;4;00.25;0;0;;0,260416667;0;0;;0;2;2;0;0;0;0;0;3;keelstr01
264;Luke Kennard;SG;26;MEM;59;14;1315;188;382;0,341666667;133;269;0,343055556;55;113;0,338194444;0,4625;37;39;0,659027778;15;143;158;91;32;5;46;82;546;kennalu01
265;Walker Kessler;C;21;UTA;74;40;1703;298;414;0,05;1;3;0,23125;297;411;0,502083333;0,500694444;82;159;0,358333333;231;389;620;69;26;173;58;169;679;kesslwa01
266;Braxton Key;SF;25;DET;3;0;9;1;1;1;0;0;;1;1;1;1;2;2;1;0;1;1;0;0;0;0;0;4;keybr01
267;Louis King;PF;23;PHI;1;0;29;8;13;0,427083333;4;8;00.05;4;5;00.08;0,534027778;0;1;0;2;2;4;2;1;0;2;4;20;kinglo02
268;Corey Kispert;SF;23;WAS;74;45;2093;291;585;0,345138889;163;384;0,294444444;128;201;0,442361111;0,442361111;75;88;0,591666667;33;174;207;87;32;9;55;97;820;kispeco01
269;Maxi Kleber;PF;31;DAL;37;5;930;77;169;0,316666667;39;112;0,241666667;38;57;0,463194444;0,396527778;27;38;0,49375;30;105;135;52;12;30;27;85;220;klebima01
270;Nathan Knight;C;25;MIN;38;0;291;46;81;0,394444444;8;22;0,252777778;38;59;0,447222222;0,428472222;39;57;0,475;22;34;56;13;10;6;21;41;139;knighna01
271;Kevin Knox;SF-PF;23;POR;63;5;952;152;332;0,318055556;65;186;0,242361111;87;146;0,413888889;0,386111111;46;60;0,532638889;34;143;177;33;24;12;50;95;415;knoxke01
272;Christian Koloko;C;22;TOR;58;19;802;72;150;00.48;1;12;0.083;71;138;0,356944444;0,335416667;37;59;0,435416667;84;87;171;31;21;57;20;128;182;kolokch01
273;John Konchar;SF;26;MEM;72;23;1494;138;320;0,299305556;60;177;0,235416667;78;143;0,378472222;0,364583333;28;36;0,540277778;64;246;310;100;77;25;37;112;364;konchjo01
274;Furkan Korkmaz;SG;25;PHI;37;0;353;48;111;0,3;18;46;0,271527778;30;65;0,320833333;0,356944444;26;36;0,501388889;6;36;42;22;10;3;24;18;140;korkmfu01
275;Luke Kornet;C;27;BOS;69;0;804;113;170;0,461805556;3;13;0,160416667;110;157;0,486805556;0,468055556;32;39;0,570138889;86;111;197;53;11;46;25;81;261;kornelu01
276;Vit Krejci;PG;22;ATL;29;0;165;15;37;0,28125;5;21;0,165277778;10;16;0,434027778;0,328472222;1;2;00.05;6;20;26;17;5;1;5;17;36;krejcvi01
277;Jonathan Kuminga;PF;20;GSW;67;16;1394;261;497;0,364583333;54;146;00.37;207;351;00.59;0,402083333;90;138;0,452777778;70;161;231;125;41;31;95;157;666;kuminjo01
278;Kyle Kuzma;PF;27;WAS;64;64;2239;512;1142;0,311111111;160;481;0,23125;352;661;0,370138889;0,359722222;173;237;0,050694444;55;408;463;239;36;29;190;145;1357;kuzmaky01
279;Anthony Lamb;SF;25;GSW;62;4;1195;148;314;0,327083333;73;199;0,254861111;75;115;0,452777778;0,408333333;46;60;0,532638889;56;159;215;96;28;20;54;134;415;lamban01
280;Jock Landale;C;27;PHO;69;4;979;178;337;0,366666667;21;84;00.25;157;253;0,43125;0,388194444;79;105;0,522222222;119;161;280;68;16;30;59;126;456;landajo01
281;Romeo Langford;SG;23;SAS;43;21;844;121;259;0,324305556;16;61;0,181944444;105;198;00.53;0,345833333;39;56;0,483333333;57;57;114;50;24;13;30;67;297;langfro01
282;Jake LaRavia;PF;21;MEM;35;0;414;37;95;0,270138889;24;71;0,234722222;13;24;0,376388889;0,358333333;7;9;0,540277778;19;44;63;21;12;4;18;49;105;laravja01
283;Zach LaVine;SG;27;CHI;77;77;2768;673;1388;0,336805556;204;544;0,260416667;469;844;0,386111111;0,3875;363;428;0,588888889;42;303;345;327;69;18;194;159;1913;lavinza01
284;A.J. Lawson;SG;22;DAL;15;0;108;22;44;00.05;10;25;00.04;12;19;0,438888889;0,426388889;2;8;00.25;6;15;21;2;2;0;3;11;56;lawsoaj01
285;Damion Lee;SG;30;PHO;74;5;1506;200;452;0,306944444;110;247;0,309027778;90;205;0,304861111;0,391666667;94;104;0,627777778;39;186;225;99;30;7;78;118;604;leeda03
286;Saben Lee;PG;23;PHO;25;1;373;49;121;0,28125;11;30;0,254861111;38;91;0,290277778;00.45;42;57;0,511805556;13;32;45;67;19;1;24;32;151;leesa01
287;Alex Len;C;29;SAC;26;2;161;16;30;0,370138889;0;2;0;16;28;0,396527778;0,370138889;11;16;0,477777778;24;36;60;12;4;11;16;28;43;lenal01
288;Kawhi Leonard;SF;31;LAC;52;50;1748;446;871;0,355555556;104;250;0,288888889;342;621;0,382638889;0,397222222;243;279;0,604861111;57;281;338;204;72;28;88;84;1239;leonaka01
289;Meyers Leonard;C;30;MIL;9;2;114;14;29;0,335416667;7;18;0,270138889;7;11;0,441666667;0,41875;8;9;0,617361111;12;22;34;1;2;0;6;16;43;leoname01
290;Caris LeVert;SG;28;CLE;74;30;2237;320;742;0,299305556;127;324;0,272222222;193;418;0,320833333;0,359027778;130;180;0,501388889;53;229;282;287;72;24;116;170;897;leverca01
291;Kira Lewis Jr.;PG;21;NOP;25;0;235;40;88;0,315972222;15;34;0,30625;25;54;0,321527778;00.54;19;22;0,6;5;28;33;23;10;2;10;24;114;lewiski01
292;Damian Lillard;PG;32;POR;58;58;2107;556;1202;0,321527778;244;658;0,257638889;312;544;0,398611111;0,391666667;510;558;0,634722222;44;233;277;425;50;18;191;109;1866;lillada01
293;Nassir Little;SF;22;POR;54;4;976;134;303;0,306944444;58;158;0,254861111;76;145;0,363888889;0,373611111;33;46;0,497916667;27;114;141;50;20;20;36;66;359;littlna01
294;Isaiah Livers;PF;24;DET;52;22;1199;120;288;0,289583333;74;203;0,253472222;46;85;0,375694444;0,378472222;32;39;0,570138889;28;115;143;41;28;28;30;103;346;liveris01
295;Kenneth Lofton Jr.;PF;20;MEM;24;1;176;49;93;0,365972222;6;17;0,245138889;43;76;0,393055556;0,388194444;16;27;0,411805556;19;32;51;20;5;2;12;28;120;loftoke01
296;Kevon Looney;C;26;GSW;82;70;1958;242;384;0,04375;0;1;0;242;383;0,438888889;0,04375;94;155;0,420833333;274;486;760;207;52;50;45;225;578;looneke01
297;Brook Lopez;C;34;MIL;78;78;2373;477;899;0,36875;136;364;0,259722222;341;535;0,442361111;0,420833333;149;190;0,544444444;157;363;520;99;37;193;107;203;1239;lopezbr01
298;Robin Lopez;C;34;CLE;37;2;299;48;75;0,044444444;2;4;00.05;46;71;0,45;0,453472222;14;18;0,540277778;23;28;51;19;2;8;25;43;112;lopezro01
299;Kevin Love;PF;34;MIA;62;20;1240;165;424;0,270138889;99;296;0,231944444;66;128;0,358333333;0,351388889;80;91;0,610416667;59;340;399;116;16;12;70;97;509;loveke01
300;Kyle Lowry;PG;36;MIA;55;44;1718;196;485;0,280555556;107;310;0,239583333;89;175;0,353472222;0,356944444;116;135;0,596527778;43;182;225;281;57;21;103;143;615;lowryky01
301;Trey Lyles;PF;27;SAC;74;0;1247;187;408;0,318055556;87;240;0,252083333;100;168;0,413194444;0,392361111;101;124;0,565972222;68;232;300;66;27;31;64;97;562;lylestr01
302;ThÃ©o Maledon;PG;21;CHO;44;7;854;102;254;0,279166667;28;95;0,204861111;74;159;0,322916667;0,317361111;63;74;0,590972222;14;109;123;152;37;12;59;61;295;maledth01
303;Sandro Mamukelashvili;C;23;SAS;43;7;660;97;230;0,293055556;30;99;0,210416667;67;131;0,354861111;0,338194444;39;57;0,475;70;115;185;62;14;12;35;52;263;mamuksa01
304;Terance Mann;SG;26;LAC;81;36;1872;272;524;0,360416667;77;198;0,270138889;195;326;0,415277778;0,411805556;92;118;0,054166667;77;199;276;184;42;22;80;149;713;mannte01
305;Tre Mann;PG;21;OKC;67;5;1183;197;501;0,272916667;81;257;0,21875;116;244;0,329861111;0,329166667;42;55;0,530555556;27;128;155;120;40;11;62;99;517;manntr01
306;Boban MarjanoviÄ‡;C;34;HOU;31;0;171;41;60;0,474305556;0;1;0;41;59;0,482638889;0,474305556;20;27;0,514583333;20;40;60;9;5;2;14;10;102;marjabo01
307;Lauri Markkanen;PF;25;UTA;66;66;2273;571;1145;0,346527778;200;511;0,271527778;371;634;0,40625;0,406944444;349;399;0,607638889;130;440;570;123;42;38;127;137;1691;markkla01
308;Naji Marshall;SF;25;NOP;77;21;1792;247;571;0,300694444;66;218;0,210416667;181;353;0,35625;00.49;138;175;0,547916667;48;231;279;189;54;14;97;113;698;marshna01
309;Caleb Martin;SF;27;MIA;71;49;2077;254;548;0,322222222;84;236;0,247222222;170;312;0,378472222;00.54;91;113;0,559027778;88;256;344;117;71;31;78;145;683;martica02
310;Cody Martin;SF;27;CHO;7;0;134;14;36;0,270138889;3;14;0,148611111;11;22;00.05;0,299305556;4;7;0,396527778;8;16;24;11;4;1;2;13;35;martico01
311;KJ Martin;SF;22;HOU;82;49;2292;410;720;0,395138889;68;216;0,21875;342;504;0,471527778;0,428472222;151;222;0,047222222;126;326;452;123;41;30;91;147;1039;martike04
312;Tyrese Martin;SG;23;ATL;16;0;66;9;23;0,271527778;1;7;0,099305556;8;16;00.05;0,286805556;2;2;1;5;7;12;2;1;0;2;2;21;martity01
313;Garrison Mathews;SG;26;ATL;54;0;686;73;201;0,252083333;63;180;00.35;10;21;0,330555556;00.52;48;53;0,629166667;11;62;73;26;24;5;19;62;257;mathega01
314;Bennedict Mathurin;SG;20;IND;78;17;2222;413;951;0,301388889;100;310;0,224305556;313;641;0,338888889;0,338194444;376;454;0,575;87;231;318;116;48;13;152;162;1302;mathube01
315;Wesley Matthews;SF;36;MIL;52;0;820;58;160;0,252083333;39;124;0,21875;19;36;0,366666667;0,336111111;24;28;0,595138889;34;79;113;34;20;13;18;71;179;matthwe02
316;Tyrese Maxey;SG;22;PHI;60;41;2016;439;913;0,334027778;160;369;0,301388889;279;544;0,35625;0,394444444;180;213;0,586805556;23;153;176;212;49;8;80;132;1218;maxeyty01
317;Skylar Mays;PG;25;POR;6;6;189;34;68;00.05;12;26;0,320833333;22;42;0,363888889;0,408333333;12;13;0,640972222;2;17;19;50;6;1;10;11;92;mayssk01
318;Miles McBride;PG;22;NYK;64;2;760;77;215;0,248611111;40;134;0,207638889;37;81;0,317361111;0,313194444;28;42;0,463194444;13;37;50;72;37;8;25;60;222;mcbrimi01
319;Mac McClung;SG;24;PHI;2;0;41;9;20;00.45;4;11;0,252777778;5;9;0,386111111;00.55;3;5;00.06;3;7;10;9;0;0;3;3;25;mccluma01
320;CJ McCollum;SG;31;NOP;75;75;2649;587;1344;0,303472222;211;543;0,270138889;376;801;0,325694444;0,357638889;183;238;0,534027778;55;273;328;429;70;38;183;153;1568;mccolcj01
321;T.J. McConnell;PG;30;IND;75;6;1526;283;521;0,377083333;26;59;0,30625;257;462;0,386111111;0,394444444;58;68;0,592361111;45;189;234;397;81;10;143;105;650;mccontj01
322;Jaden McDaniels;SF;22;MIN;79;79;2416;370;716;0,359027778;107;269;0,276388889;263;447;0,408333333;0,410416667;106;144;0,511111111;92;215;307;148;74;76;112;272;953;mcdanja02
323;Jalen McDaniels;SF;25;PHI;80;24;1913;281;617;0,315972222;77;232;0,230555556;204;385;00.53;0,359722222;116;138;0,584027778;63;283;346;130;83;34;93;209;755;mcdanja01
324;Doug McDermott;SF;31;SAS;64;0;1314;239;523;0,317361111;123;298;0,286805556;116;225;0,358333333;0,399305556;53;70;0,525694444;24;115;139;91;13;6;58;118;654;mcderdo01
325;JaVale McGee;C;35;DAL;42;7;355;80;125;0,044444444;2;5;00.04;78;120;0,045138889;0,45;24;41;0,40625;30;77;107;11;4;26;36;54;186;mcgeeja01
326;Bryce McGowens;SG;20;CHO;46;7;787;80;202;0,275;26;80;0,225694444;54;122;0,307638889;00.46;60;80;0,052083333;20;73;93;54;15;6;43;48;246;mcgowbr01
327;Rodney McGruder;SG;31;DET;32;12;524;62;152;0,283333333;41;97;0,29375;21;55;0,265277778;0,377083333;18;22;0,568055556;20;54;74;28;16;1;11;39;183;mcgruro01
328;Jordan McLaughlin;PG;26;MIN;43;0;678;61;145;0,292361111;24;78;0,213888889;37;67;0,383333333;0,349305556;15;18;0,578472222;15;47;62;148;32;4;33;28;161;mclaujo01
329;De'Anthony Melton;SG;24;PHI;77;58;2150;277;651;0,295138889;157;403;00.39;120;248;0,336111111;0,379166667;69;87;0,550694444;69;243;312;197;126;41;102;191;780;meltode01
330;Sam Merrill;SG;26;CLE;5;0;59;9;22;0,284027778;5;18;0,193055556;4;4;1;0,363194444;2;2;1;0;9;9;5;4;0;0;3;25;merrisa01
331;Chimezie Metu;PF;25;SAC;66;0;689;129;219;0,409027778;9;38;0,164583333;120;181;0,460416667;0,042361111;54;73;0,051388889;47;151;198;40;22;21;32;81;321;metuch01
332;Khris Middleton;SF;31;MIL;33;19;801;177;406;0,302777778;51;162;0,21875;126;244;0,358333333;0,346527778;92;102;0,626388889;28;112;140;163;23;5;71;68;497;middlkh01
333;Patty Mills;PG;34;BRK;40;2;567;86;209;0,285416667;49;134;0,254166667;37;75;0,342361111;0,367361111;25;30;0,578472222;8;36;44;56;15;3;30;32;246;millspa02
334;Shake Milton;SG;26;PHI;76;11;1567;241;503;0,332638889;56;148;0,2625;185;355;0,361805556;0,371527778;99;116;0,592361111;39;152;191;240;25;13;94;123;637;miltosh01
335;Justin Minaya;SF;23;POR;4;0;89;7;23;0,211111111;3;12;00.25;4;11;0,252777778;00.37;0;1;0;3;12;15;4;2;5;4;9;17;minayju01
336;Josh Minott;SF;20;MIN;15;0;96;18;36;00.05;2;6;0,23125;16;30;0,370138889;0,366666667;8;8;1;5;20;25;5;4;6;3;10;46;minotjo01
337;Davion Mitchell;PG;24;SAC;80;9;1447;181;399;0,315277778;63;197;00.32;118;202;0,405555556;0,370138889;25;31;0,559722222;16;89;105;185;44;15;62;112;450;mitchda01
338;Donovan Mitchell;SG;26;CLE;68;68;2432;679;1402;0,336111111;245;635;0,268055556;434;767;0,393055556;0,397222222;319;368;0,602083333;63;226;289;301;99;27;180;168;1922;mitchdo01
339;Evan Mobley;PF;21;CLE;79;79;2715;525;947;0,384722222;22;102;0,15;503;845;0,413194444;0,393055556;205;304;0,468055556;187;524;711;224;60;119;146;218;1277;mobleev01
340;Isaiah Mobley;PF;23;CLE;12;0;84;12;28;0,297916667;3;8;0,260416667;9;20;00.45;0,334722222;4;4;1;4;16;20;3;4;3;1;8;31;mobleis01
341;Chima Moneke;SF;27;SAC;2;0;8;1;2;00.05;0;0;;1;2;00.05;00.05;0;2;0;2;0;2;1;0;0;2;2;2;monekch01
342;Malik Monk;SG;24;SAC;77;0;1719;357;796;0,311111111;143;398;0,249305556;214;398;0,373611111;0,373611111;184;207;0,617361111;32;171;203;298;49;20;146;125;1041;monkma01
343;Moses Moody;SG;20;GSW;63;3;817;108;227;0,330555556;49;135;0,252083333;59;92;0,445138889;0,405555556;37;53;0,484722222;28;77;105;51;18;7;34;54;302;moodymo01
344;Xavier Moon;SG;28;LAC;4;0;20;3;9;0,23125;1;3;0,23125;2;6;0,23125;0,270138889;0;0;;0;3;3;5;0;0;1;2;7;moonxa01
345;Wendell Moore Jr.;SG;21;MIN;29;2;153;18;43;0,290972222;2;17;0,081944444;16;26;0,427083333;0,306944444;4;5;00.08;4;14;18;18;8;5;8;13;42;moorewe01
346;Ja Morant;PG;23;MEM;61;59;1948;566;1214;0,323611111;92;300;0,213194444;474;914;0,360416667;0,35;372;497;0,519444444;61;296;357;493;66;16;206;100;1596;moranja01
347;Marcus Morris;PF;33;LAC;65;65;1825;274;643;0,295833333;112;308;0,252777778;162;335;0,336111111;0,35625;68;87;0,543055556;29;229;258;114;42;21;56;136;728;morrima03
348;Markieff Morris;PF;33;DAL;35;2;355;47;115;0,284027778;28;71;0,273611111;19;44;0,3;00.53;10;10;1;13;58;71;31;9;5;18;48;132;morrima02
349;Monte Morris;PG;27;WAS;62;61;1695;247;515;00.48;78;204;0,265277778;169;311;0,377083333;0,385416667;64;77;0,577083333;26;184;210;326;43;13;60;75;636;morrimo01
350;Trey Murphy III;SF;22;NOP;79;65;2448;387;800;0,336111111;202;497;0,281944444;185;303;0,424305556;0,042361111;172;190;0,628472222;59;222;281;112;89;43;61;155;1148;murphtr02
351;Dejounte Murray;SG;26;ATL;74;74;2693;612;1319;0,322222222;133;387;0,238888889;479;932;0,356944444;0,356944444;158;190;0,577777778;53;336;389;448;112;19;160;106;1515;murrade01
352;Jamal Murray;PG;25;DEN;65;65;2133;473;1041;0,315277778;172;432;0,276388889;301;609;0,343055556;0,372916667;180;216;0,578472222;48;209;257;400;66;16;145;103;1298;murraja01
353;Keegan Murray;SF;22;SAC;80;78;2382;354;782;0,314583333;206;501;0,285416667;148;281;0,365972222;0,405555556;62;81;0,53125;89;282;371;98;61;42;60;162;976;murrake02
354;Mike Muscala;C;31;BOS;63;9;945;131;292;0,311805556;81;207;0,271527778;50;85;0,408333333;0,407638889;40;52;0,534027778;37;166;203;50;15;24;23;98;383;muscami01
355;Svi Mykhailiuk;SF;25;CHO;32;8;468;77;173;0,309027778;42;99;0,294444444;35;74;0,328472222;0,393055556;26;39;0,463194444;15;38;53;53;15;4;24;23;222;mykhasv01
356;Larry Nance Jr.;C;30;NOP;65;1;1381;186;305;0,042361111;14;42;0,23125;172;263;0,454166667;0,439583333;55;79;0,483333333;106;248;354;119;56;37;42;133;441;nancela02
357;Andrew Nembhard;SG;23;IND;75;63;2073;284;644;0,30625;92;263;00.35;192;381;0,35;0,355555556;49;62;0,054861111;35;164;199;341;70;13;126;179;709;nembhan01
358;Aaron Nesmith;SF;23;IND;73;60;1816;252;590;0,296527778;115;314;0,254166667;137;276;0,344444444;0,364583333;119;142;0,581944444;62;215;277;98;55;34;75;235;738;nesmiaa01
359;Raul Neto;PG;30;CLE;48;1;505;57;110;0,359722222;12;42;0,198611111;45;68;0,459722222;0,397916667;31;34;0,633333333;10;36;46;79;17;4;24;49;157;netora01
360;Georges Niang;PF;29;PHI;78;1;1512;222;502;0,306944444;154;384;0,278472222;68;118;0,4;0,413888889;39;45;0,602083333;19;166;185;77;30;14;54;145;637;niangge01
361;Daishen Nix;PG;20;HOU;57;7;914;81;237;0,2375;40;140;0,198611111;41;97;0,29375;0,295833333;24;36;0,463194444;18;80;98;132;31;7;86;59;226;nixda01
362;Zeke Nnaji;PF;22;DEN;53;5;728;110;196;0,389583333;17;65;0,181944444;93;131;0,049305556;0,420138889;40;62;0,447916667;65;73;138;18;17;23;31;105;277;nnajize01
363;Nerlens Noel;C;28;BRK;17;4;195;13;36;0,250694444;1;2;00.05;12;34;0,245138889;0,260416667;8;12;0,463194444;10;36;46;10;16;10;13;32;35;noelne01
364;Jaylen Nowell;SG;23;MIN;65;2;1252;280;625;0,311111111;67;232;0,200694444;213;393;0,376388889;0,348611111;77;99;0,540277778;36;134;170;132;42;5;65;101;704;nowelja01
365;Frank Ntilikina;SG;24;DAL;47;5;607;48;132;0,252777778;17;67;0,176388889;31;65;0,33125;0,297222222;22;33;0,463194444;7;55;62;58;16;7;29;65;135;ntilila01
366;Kendrick Nunn;SG;27;WAS;70;2;964;191;450;0,294444444;79;223;0,245833333;112;227;0,342361111;0,355555556;35;41;0,593055556;15;94;109;90;28;7;66;66;496;nunnke01
367;Jusuf NurkiÄ‡;C;28;POR;52;52;1391;262;505;0,360416667;43;119;0,250694444;219;386;0,39375;0,389583333;127;192;0,459027778;114;357;471;149;43;44;119;185;694;nurkiju01
368;Jordan Nwora;SF;24;IND;62;14;1188;194;445;0,302777778;86;211;0,283333333;108;234;0,320833333;0,370138889;68;86;0,549305556;51;178;229;88;24;14;66;74;542;nworajo01
369;Royce O'Neale;SF;29;BRK;76;53;2409;229;593;0,268055556;163;419;0,270138889;66;174;0,263194444;0,363888889;50;69;0,503472222;55;329;384;283;65;49;114;239;671;onealro01
370;Chuma Okeke;SF;24;ORL;27;8;518;43;122;0,244444444;26;86;0,209722222;17;36;0,327777778;0,31875;16;21;0,529166667;26;70;96;37;19;11;17;40;128;okekech01
371;Josh Okogie;SG;24;PHO;72;26;1350;162;414;0,271527778;66;197;0,232638889;96;217;0,306944444;0,327083333;139;192;0,502777778;109;142;251;105;56;34;63;114;529;okogijo01
372;Onyeka Okongwu;C;22;ATL;80;18;1849;317;497;0,443055556;4;13;0,213888889;313;484;0,449305556;0,445833333;153;196;0,542361111;217;359;576;81;56;107;81;251;791;okongon01
373;Isaac Okoro;SF;22;CLE;76;46;1652;175;354;0,343055556;62;171;0,252083333;113;183;0,428472222;0,404166667;78;103;0,525694444;52;135;187;87;56;30;42;158;490;okorois01
374;KZ Okpala;PF;23;SAC;35;3;248;16;38;0,292361111;7;21;0,23125;9;17;0,367361111;0,35625;7;8;0,607638889;7;27;34;13;7;7;7;39;46;okpalkz01
375;Victor Oladipo;SG;30;MIA;42;2;1106;160;403;0,275694444;70;212;00.33;90;191;0,327083333;0,336111111;59;79;0,51875;16;112;128;146;57;12;87;99;449;oladivi01
376;Kelly Olynyk;C;31;UTA;68;68;1942;278;557;0,346527778;93;236;0,273611111;185;321;0,4;0,404861111;198;232;0,592361111;82;338;420;252;60;37;168;232;847;olynyke01
377;Eugene Omoruyi;SF;25;DET;40;6;645;101;228;0,307638889;25;89;0,195138889;76;139;0,379861111;0,345833333;51;75;0,047222222;43;68;111;28;28;3;34;91;278;omorueu01
378;Cedi Osman;SF;27;CLE;77;2;1548;239;530;0,313194444;116;312;0,258333333;123;218;0,391666667;00.56;75;108;0,481944444;25;151;176;115;35;11;52;122;669;osmande01
379;Kelly Oubre Jr.;SF;27;CHO;48;40;1548;353;819;0,299305556;108;339;0,221527778;245;480;00.51;0,345138889;158;208;0,052777778;65;184;249;54;68;18;64;141;972;oubreke01
380;Chris Paul;PG;37;PHO;59;59;1889;294;668;00.44;98;261;0,260416667;196;407;0,334722222;0,35625;133;160;0,577083333;27;224;251;524;91;22;114;126;819;paulch01
381;Cameron Payne;PG;28;PHO;48;15;968;188;453;0,288194444;68;185;0,255555556;120;268;0,311111111;00.49;49;64;0,531944444;12;94;106;214;33;8;81;88;493;payneca01
382;Gary Payton II;SG;30;GSW;22;1;367;41;69;0,4125;13;26;00.05;28;43;0,452083333;0,477777778;6;7;0,595138889;24;45;69;30;22;5;16;43;101;paytoga02
383;Theo Pinson;SG;27;DAL;40;1;323;31;87;0,247222222;22;62;0,246527778;9;25;00.36;0,335416667;11;13;0,5875;10;53;63;46;6;1;12;34;95;pinsoth01
384;Scotty Pippen Jr.;PG;22;LAL;6;0;32;4;12;0,23125;1;3;0,23125;3;9;0,23125;0,260416667;5;9;0,386111111;2;2;4;2;2;1;2;3;14;pippesc02
385;Mason Plumlee;C;32;LAC;79;60;2054;329;484;0,047222222;0;0;;329;484;0,047222222;0,047222222;199;313;0,441666667;229;471;700;245;46;47;117;217;857;plumlma01
386;Jakob Poeltl;C;27;TOR;72;71;1906;389;618;0,436805556;0;1;0;389;617;0,04375;0,436805556;119;201;0,411111111;236;417;653;197;66;86;125;195;897;poeltja01
387;Aleksej Pokusevski;PF;21;OKC;34;25;701;108;249;0,301388889;38;104;0,253472222;70;145;0,335416667;00.51;22;35;0,436805556;45;114;159;64;20;43;43;58;276;pokusal01
388;Jordan Poole;PG;23;GSW;82;43;2458;550;1278;00.43;214;637;0,233333333;336;641;0,363888889;0,356944444;361;415;0,060416667;32;193;225;369;63;21;252;214;1675;poolejo01
389;Kevin Porter Jr.;PG;22;HOU;59;59;2024;391;884;0,306944444;141;385;0,254166667;250;499;0,347916667;0,3625;207;264;0,544444444;76;238;314;338;82;17;188;156;1130;porteke02
390;Michael Porter Jr.;SF;24;DEN;62;62;1798;398;817;0,338194444;188;454;0,2875;210;363;0,402083333;0,418055556;96;120;00.08;64;277;341;65;37;29;68;119;1080;portemi01
391;Otto Porter Jr.;SF;29;TOR;8;2;146;15;30;00.05;6;17;0,245138889;9;13;0,480555556;00.06;8;8;1;6;13;19;8;11;0;4;7;44;porteot01
392;Bobby Portis;PF;27;MIL;70;22;1818;398;803;0,344444444;95;257;00.37;303;546;0,385416667;0,385416667;96;125;0,533333333;154;518;672;105;29;16;81;115;987;portibo01
393;Kristaps Porzi__is;C;27;WAS;65;65;2120;507;1018;0,345833333;137;356;0,267361111;370;662;0,388194444;0,392361111;354;416;0,590972222;114;432;546;174;58;100;137;196;1505;porzikr01
394;Micah Potter;PF;24;UTA;7;0;52;10;15;0,463194444;4;7;0,396527778;6;8;0,052083333;00.08;0;0;;3;13;16;4;1;0;2;5;24;pottemi01
395;Dwight Powell;C;31;DAL;76;64;1458;197;269;0,508333333;0;5;0;197;264;0,518055556;0,508333333;112;168;0,463194444;149;165;314;69;48;26;65;209;506;poweldw01
396;Norman Powell;SG;29;LAC;60;8;1567;340;710;0,332638889;114;287;0,275694444;226;423;0,370833333;0,388194444;225;277;0,563888889;24;151;175;109;50;18;101;125;1019;powelno01
397;Jason Preston;PG;23;LAC;14;0;124;18;41;0,304861111;5;18;0,193055556;13;23;0,392361111;00.05;0;2;0;2;20;22;27;2;0;10;7;41;prestja01
398;Joshua Primo;SG;20;SAS;4;0;93;9;26;0,240277778;3;12;00.25;6;14;0,297916667;0,280555556;7;9;0,540277778;2;11;13;18;1;2;11;8;28;primojo01
399;Taurean Prince;PF;28;MIN;54;4;1192;177;379;0,324305556;74;194;0,264583333;103;185;0,386805556;0,392361111;65;77;0,586111111;15;117;132;84;28;15;69;123;493;princta02
400;Payton Pritchard;PG;25;BOS;48;3;643;101;245;0,286111111;56;154;0,252777778;45;91;0,34375;0,365972222;12;16;0,052083333;25;63;88;64;14;1;40;37;270;pritcpa01
401;Trevelin Queen;SG;25;IND;7;0;70;7;29;0,167361111;2;15;0,092361111;5;14;0,247916667;0,191666667;5;5;1;8;9;17;6;2;5;7;4;21;queentr01
402;Neemias Queta;C;23;SAC;5;0;29;6;9;0,463194444;0;0;;6;9;0,463194444;0,463194444;0;2;0;5;6;11;1;0;2;1;7;12;quetane01
403;Immanuel Quickley;SG;23;NYK;81;21;2344;419;936;0,311111111;168;454;00.37;251;482;0,361805556;0,372916667;203;248;0,56875;58;279;337;279;80;14;100;166;1209;quickim01
404;Lester Quinones;SG;22;GSW;4;0;18;2;5;00.04;2;4;00.05;0;1;0;00.06;4;6;0,463194444;1;2;3;2;1;0;5;0;10;quinole01
405;Julius Randle;PF;28;NYK;77;77;2737;658;1432;0,31875;218;636;0,238194444;440;796;0,384027778;0,372222222;402;531;0,525694444;141;626;767;316;49;21;216;233;1936;randlju01
406;Austin Reaves;SG;24;LAL;64;22;1843;259;490;0,367361111;86;216;0,276388889;173;274;0,438194444;0,427777778;229;265;0,6;33;160;193;215;33;19;99;108;833;reaveau01
407;Cam Reddish;SF;23;POR;40;20;990;139;312;0,309722222;45;144;0,217361111;94;168;00.56;0,359722222;64;75;0,592361111;18;70;88;57;39;14;47;72;387;reddica01
408;Davon Reed;SG;27;LAL;43;1;342;28;84;0,23125;17;46;00.37;11;38;0,200694444;0,302083333;16;24;0,463194444;10;49;59;23;15;4;20;39;89;reedda01
409;Paul Reed;C;23;PHI;69;2;755;124;209;0,411805556;1;6;0,115972222;123;203;0,420833333;0,413888889;38;51;0,517361111;112;150;262;27;46;51;45;123;287;reedpa01
410;Naz Reid;C;23;MIN;68;11;1251;310;577;0,372916667;75;217;0,240277778;235;360;0,453472222;0,418055556;86;127;0,470138889;73;260;333;77;42;53;92;176;781;reidna01
411;Jared Rhoden;SG;23;DET;14;0;198;17;44;0,268055556;5;20;00.25;12;24;00.05;0,307638889;6;6;1;11;26;37;4;4;1;3;23;45;rhodeja01
412;Nick Richards;C;25;CHO;65;9;1217;197;313;0,436805556;1;1;1;196;312;0,436111111;0,438194444;137;183;0,520138889;147;269;416;38;11;71;59;154;532;richani01
413;Josh Richardson;SG;29;NOP;65;10;1530;239;554;0,299305556;107;293;0,253472222;132;261;0,351388889;0,366666667;69;81;0,591666667;41;134;175;174;69;20;86;117;654;richajo01
414;Austin Rivers;SG;30;MIN;52;10;1016;91;209;0,302083333;43;123;00.35;48;86;0,3875;0,373611111;30;39;0,534027778;5;78;83;75;28;4;23;80;255;riverau01
415;Duncan Robinson;SF;28;MIA;42;1;691;88;237;0,257638889;63;192;0,227777778;25;45;0,386111111;0,35;29;32;0,629166667;8;61;69;46;14;0;28;77;268;robindu01
416;Mitchell Robinson;C;24;NYK;59;58;1591;188;280;0,465972222;0;0;;188;280;0,465972222;0,465972222;59;122;0,336111111;267;288;555;53;56;109;41;160;435;robinmi01
417;Orlando Robinson;C;22;MIA;31;1;425;47;89;0,366666667;0;6;0;47;83;0,393055556;0,366666667;22;31;0,049305556;48;78;126;25;12;12;16;53;116;robinor01
418;Jeremiah Robinson-Earl;PF;22;OKC;43;20;814;110;248;0,308333333;37;111;0,23125;73;137;0,370138889;0,359722222;35;42;0,578472222;71;109;180;43;24;11;19;71;292;robinje02
419;Isaiah Roby;PF;24;SAS;42;2;474;67;155;0,3;18;60;00.03;49;95;0,358333333;00.49;20;41;0,338888889;21;86;107;38;18;7;31;53;172;robyis01
420;David Roddy;PF;21;MEM;70;4;1258;180;420;0,297916667;65;212;0,213194444;115;208;0,384027778;0,351388889;41;65;0,438194444;50;143;193;59;29;19;57;107;466;roddyda01
421;Ryan Rollins;PG;20;GSW;12;0;62;7;20;00.35;3;9;0,23125;4;11;0,252777778;0,295138889;6;6;1;3;9;12;6;1;1;16;10;23;rolliry01
422;Derrick Rose;PG;34;NYK;27;0;338;61;159;0,266666667;19;63;0,209722222;42;96;0,304166667;0,307638889;11;12;0,636805556;8;32;40;46;7;5;22;18;152;rosede01
423;Terrence Ross;SG;31;PHO;63;9;1330;200;465;00.43;95;258;0,255555556;105;207;0,352083333;0,369444444;27;34;0,551388889;22;132;154;95;35;10;43;97;522;rosste01
424;Terry Rozier;SG;28;CHO;63;63;2221;493;1188;0,288194444;165;505;0,227083333;328;683;00.48;0,336111111;178;220;0,561805556;51;208;259;319;74;16;134;119;1329;roziete01
425;Ricky Rubio;PG;32;CLE;33;2;566;61;178;0,238194444;21;82;0,177777778;40;96;0,289583333;0,279166667;28;35;00.08;9;61;70;115;26;6;31;51;171;rubiori01
426;D'Angelo Russell;PG;26;LAL;71;71;2304;445;948;0,325694444;194;490;0,275;251;458;0,380555556;0,397222222;179;216;0,575694444;35;180;215;437;70;29;186;140;1263;russeda01
427;Matt Ryan;SF;25;MIN;34;0;310;40;108;00.37;32;84;0,264583333;8;24;0,23125;0,360416667;10;12;0,578472222;4;22;26;16;5;1;7;27;122;ryanma01
428;Domantas Sabonis;C;26;SAC;79;79;2736;577;938;0,427083333;31;83;0,259027778;546;855;0,44375;0,438888889;325;438;0,515277778;251;722;973;573;65;39;230;279;1510;sabondo01
429;Luka Å amaniÄ‡;PF;23;UTA;7;4;161;26;57;0,316666667;8;31;0,179166667;18;26;0,480555556;0,365277778;9;13;0,480555556;0;30;30;15;6;2;10;17;69;samanlu01
430;Dario Å ariÄ‡;PF-C;28;OKC;57;12;806;127;277;0,318055556;45;115;0,271527778;82;162;0,351388889;00.54;63;76;0,575694444;53;154;207;74;20;7;55;99;362;saricda01
431;Olivier Sarr;C;23;OKC;9;1;114;15;30;00.05;1;8;0,086805556;14;22;0,441666667;0,359027778;5;7;0,495833333;12;19;31;4;1;5;4;17;36;sarrol01
432;Jordan Schakel;SF;24;WAS;2;0;6;1;2;00.05;1;1;1;0;1;0;0,052083333;0;0;;0;0;0;1;1;0;0;1;3;schakjo01
433;Admiral Schofield;PF;25;ORL;37;0;451;55;122;0,313194444;24;74;0,225;31;48;0,448611111;0,38125;21;23;0,634027778;23;39;62;31;8;5;16;61;155;schofad01
434;Dennis SchrÃ¶der;PG;29;LAL;66;50;1986;270;650;0,288194444;74;225;0,228472222;196;425;0,320138889;0,327777778;216;252;0,595138889;21;144;165;298;50;10;112;145;830;schrode01
435;Jay Scrubb;SG;22;ORL;2;0;30;5;7;0,495833333;2;2;1;3;5;00.06;0,595138889;1;2;00.05;0;6;6;1;2;0;3;2;13;scrubja01
436;Dereon Seabron;SG;22;NOP;5;0;12;2;5;00.04;0;0;;2;5;00.04;00.04;0;0;;1;0;1;0;0;0;0;1;4;seabrde01
437;Alperen _engn;C;20;HOU;75;72;2171;442;799;0,384027778;19;57;0,23125;423;742;00.57;0,392361111;206;288;0,496527778;242;436;678;291;70;70;193;258;1109;sengual01
438;Collin Sexton;PG;24;UTA;48;15;1145;237;468;0,351388889;48;122;0,272916667;189;346;0,379166667;0,3875;163;199;0,56875;37;68;105;138;27;6;85;112;685;sextoco01
439;Landry Shamet;SG;25;PHO;40;9;807;113;300;0,261805556;75;199;0,261805556;38;101;0,261111111;0,348611111;45;51;0,6125;11;56;67;93;26;5;36;61;346;shamela01
440;Day'Ron Sharpe;C;21;BRK;48;3;552;93;171;0,377777778;6;11;0,378472222;87;160;0,377777778;0,389583333;35;55;0,441666667;99;101;200;37;15;32;42;89;227;sharpda01
441;Shaedon Sharpe;SG;19;POR;80;15;1779;306;648;0,327777778;102;283;00.36;204;365;0,388194444;0,382638889;75;105;0,495833333;63;173;236;94;38;24;83;136;789;sharpsh01
442;Pascal Siakam;PF;28;TOR;71;71;2652;630;1313;00.48;93;287;0,225;537;1026;0,363194444;0,357638889;367;474;0,5375;131;425;556;415;65;36;169;228;1720;siakapa01
443;Chris Silva;PF;26;DAL;1;0;3;1;1;1;0;0;;1;1;1;1;0;0;;0;0;0;0;0;0;1;2;2;silvach01
444;Ben Simmons;PG;26;BRK;42;33;1105;133;235;0,393055556;0;2;0;133;233;0,396527778;0,393055556;25;57;0,304861111;40;223;263;256;54;24;97;139;291;simmobe01
445;Kobi Simmons;SG;25;CHO;5;0;28;1;6;0,115972222;1;5;00.02;0;1;0;00.25;2;2;1;1;3;4;5;0;2;1;0;5;simmoko01
446;Marko Simonovic;C;23;CHI;7;0;20;2;7;0,198611111;1;4;00.25;1;3;0,23125;0,247916667;1;2;00.05;1;1;2;0;0;0;0;5;6;simonma01
447;Anfernee Simons;SG;23;POR;62;62;2171;467;1045;0,310416667;212;562;0,261805556;255;483;0,366666667;0,380555556;160;179;0,620833333;18;143;161;253;42;14;128;142;1306;simonan01
448;Jericho Sims;C;24;NYK;52;16;812;83;107;0,538888889;0;1;0;83;106;0,54375;0,538888889;12;16;0,052083333;99;143;242;25;15;28;27;96;178;simsje01
449;Marcus Smart;PG;28;BOS;61;61;1957;250;602;0,288194444;115;342;0,233333333;135;260;0,360416667;0,354861111;88;118;0,518055556;46;145;191;382;93;23;143;172;703;smartma01
450;Dennis Smith Jr.;PG;25;CHO;54;15;1390;186;452;0,286111111;24;111;0,15;162;341;0,329861111;0,304166667;78;106;0,511111111;27;140;167;261;75;25;82;122;474;smithde03
451;Dru Smith;SG;25;BRK;15;1;158;18;45;00.04;5;19;0,182638889;13;26;00.05;0,316666667;3;3;1;2;22;24;22;10;4;3;23;44;smithdr01
452;Ish Smith;PG;34;DEN;43;0;398;52;131;0,275694444;2;12;0,115972222;50;119;00.42;0,28125;2;4;00.05;5;49;54;100;8;7;44;33;108;smithis01
453;Jabari Smith Jr.;PF;19;HOU;79;79;2451;364;892;0,283333333;120;391;0,213194444;244;501;0,338194444;0,329861111;162;206;0,545833333;122;447;569;101;43;74;104;227;1010;smithja05
454;Jalen Smith;C;22;IND;68;31;1279;242;508;0,330555556;54;191;0,196527778;188;317;0,411805556;00.53;104;137;0,527083333;129;265;394;66;21;60;72;153;642;smithja04
455;Xavier Sneed;SF;25;CHO;4;0;48;5;10;00.05;3;6;00.05;2;4;00.05;0,045138889;4;4;1;0;5;5;5;0;1;3;7;17;sneedxa01
456;Jeremy Sochan;PF;19;SAS;56;53;1458;250;552;0,314583333;33;134;0,170833333;217;418;0,360416667;0,335416667;81;116;0,484722222;95;200;295;142;43;23;97;138;614;sochaje01
457;Jaden Springer;SG;20;PHI;16;2;89;17;35;0,3375;2;5;00.04;15;30;00.05;0,356944444;6;8;0,052083333;6;8;14;8;7;3;3;15;42;sprinja01
458;Lamar Stevens;SF;25;CLE;62;25;1120;129;288;0,311111111;30;95;0,219444444;99;193;0,35625;00.05;40;57;0,4875;48;159;207;33;27;19;27;79;328;stevela01
459;Isaiah Stewart;C;21;DET;50;47;1414;195;441;0,306944444;67;205;0,227083333;128;236;0,376388889;0,359722222;110;149;0,5125;115;288;403;70;20;34;68;133;567;stewais01
460;Max Strus;SF;26;MIA;80;33;2272;324;790;00.41;197;563;00.35;127;227;0,388194444;0,371527778;78;89;0,608333333;49;209;258;171;42;12;70;166;923;strusma01
461;Jalen Suggs;SG;21;ORL;53;19;1246;186;444;0,290972222;66;202;0,227083333;120;242;0,344444444;0,342361111;86;119;0,502083333;55;106;161;155;67;27;94;120;524;suggsja01
462;Edmond Sumner;SG;27;BRK;53;12;736;124;269;0,320138889;31;87;0,247222222;93;182;0,354861111;0,360416667;99;108;0,636805556;13;66;79;68;31;10;50;83;378;sumneed01
463;Cole Swider;SF;23;LAL;7;0;41;3;9;0,23125;3;8;0,260416667;0;1;0;00.05;0;0;;1;6;7;4;0;0;0;3;9;swideco01
464;Jae'Sean Tate;SF;27;HOU;31;7;677;110;229;00.48;13;46;0,196527778;97;183;00.53;0,353472222;50;69;0,503472222;41;77;118;84;21;7;47;106;283;tateja01
465;Jayson Tatum;SF;24;BOS;74;74;2732;727;1559;0,323611111;240;686;00.35;487;873;0,3875;0,377083333;531;622;0,593055556;78;571;649;342;78;51;213;160;2225;tatumja01
466;Terry Taylor;PF;23;CHI;31;2;264;39;75;00.52;5;19;0,182638889;34;56;0,421527778;0,384027778;6;11;0,378472222;27;20;47;10;3;6;9;26;89;taylote01
467;Garrett Temple;SG;36;NOP;25;0;162;18;45;00.04;11;26;0,29375;7;19;0,255555556;0,3625;3;4;0,052083333;5;12;17;13;9;2;4;15;50;templga01
468;Dalen Terry;SG;20;CHI;38;0;214;32;72;0,308333333;7;27;0,179861111;25;45;0,386111111;0,342361111;14;21;0,463194444;12;25;37;22;11;5;8;24;85;terryda01
469;Daniel Theis;C;30;IND;7;1;109;21;44;0,33125;2;11;0,126388889;19;33;0,4;00.05;5;12;0,289583333;7;15;22;9;2;6;3;7;49;theisda01
470;Cam Thomas;SG;21;BRK;57;4;948;201;456;0,30625;51;133;0,265972222;150;323;0,322222222;0,345138889;151;174;0,602777778;8;87;95;78;20;7;63;55;604;thomaca02
471;Klay Thompson;SF;32;GSW;69;69;2279;546;1252;0,302777778;301;731;0,286111111;245;521;00.47;0,386111111;116;132;0,610416667;39;247;286;163;49;29;123;130;1509;thompkl01
472;JT Thor;PF;20;CHO;69;8;969;95;238;0,277083333;39;123;0,220138889;56;115;0,338194444;0,334027778;33;47;0,4875;36;116;152;36;22;23;44;66;262;thorjt01
473;Matisse Thybulle;SF-SG;25;POR;71;28;1200;110;253;0,302083333;54;148;0,253472222;56;105;0,370138889;0,376388889;19;28;0,471527778;40;100;140;53;83;32;24;113;293;thybuma01
474;Xavier Tillman Sr.;C;24;MEM;61;29;1180;188;306;0,426388889;4;15;0,185416667;184;291;0,438888889;0,43125;49;89;0,382638889;121;186;307;96;58;29;44;97;429;tillmxa01
475;Isaiah Todd;PF;21;WAS;6;1;61;3;19;0,109722222;1;10;00.01;2;9;0,154166667;0,127777778;2;2;1;2;10;12;4;1;0;2;4;9;toddis01
476;Obi Toppin;PF;24;NYK;67;5;1050;187;419;0,309722222;85;247;0,238888889;102;172;0,411805556;0,380555556;38;47;0,561805556;29;158;187;66;23;12;38;68;497;toppiob01
477;Juan Toscano-Anderson;SF;29;UTA;52;9;700;64;143;0,311111111;8;43;0,129166667;56;100;00.56;0,330555556;19;24;0,55;28;96;124;65;16;10;34;80;155;toscaju01
478;Karl-Anthony Towns;PF;27;MIN;29;29;957;212;428;0,34375;60;164;0,254166667;152;264;0,4;0,392361111;118;135;0,606944444;48;188;236;140;20;17;86;111;602;townska01
479;Gary Trent Jr.;SG;24;TOR;66;44;2118;405;935;0,300694444;166;450;0,25625;239;485;0,342361111;0,3625;172;205;0,582638889;30;143;173;106;104;14;55;102;1148;trentga02
480;P.J. Tucker;PF;37;PHI;75;75;1920;96;225;0,296527778;55;140;0,272916667;41;85;0,334722222;0,38125;19;23;0,573611111;95;200;295;60;39;15;44;180;266;tuckepj01
481;Myles Turner;C;26;IND;62;62;1825;402;733;0,380555556;93;249;0,259027778;309;484;0,443055556;0,425;216;276;0,54375;88;378;466;89;36;140;103;215;1113;turnemy01
482;Stanley Umude;SG;23;DET;1;0;2;0;1;0;0;1;0;0;0;;0;2;2;1;0;0;0;0;1;1;0;0;2;umudest01
483;Jonas Valan_i_nas;C;30;NOP;79;79;1968;446;816;0,379861111;38;109;0,242361111;408;707;0,400694444;00.57;185;224;0,573611111;225;579;804;140;20;52;159;245;1115;valanjo01
484;Jarred Vanderbilt;PF;23;LAL;78;65;1879;247;451;0,380555556;29;90;0,223611111;218;361;0,419444444;00.58;96;139;0,479861111;170;412;582;184;83;21;97;190;619;vandeja01
485;Fred VanVleet;PG;28;TOR;69;69;2535;437;1112;0,272916667;207;606;0,2375;230;506;0,315972222;0,3375;254;283;0,623611111;30;250;280;495;123;38;140;193;1335;vanvlfr01
486;Devin Vassell;SG;22;SAS;38;32;1178;261;595;0,304861111;103;266;0,26875;158;329;00.48;0,364583333;78;100;0,054166667;8;140;148;136;43;17;57;57;703;vassede01
487;Gabe Vincent;PG;26;MIA;68;34;1759;228;567;0,279166667;117;350;0,231944444;111;217;0,355555556;0,350694444;68;78;0,605555556;27;118;145;167;62;5;92;154;641;vincega01
488;Noah Vonleh;C;27;BOS;23;1;171;11;24;0,318055556;1;4;00.25;10;20;00.05;0,332638889;2;2;1;18;30;48;7;2;8;11;35;25;vonleno01
489;Nikola Vu_evi_;C;32;CHI;82;82;2746;597;1148;00.52;121;347;0,242361111;476;801;0,4125;0,397916667;132;158;0,579861111;159;744;903;265;60;57;139;179;1447;vucevni01
490;Dean Wade;PF;26;CLE;44;13;891;73;177;0,286111111;45;127;0,245833333;28;50;00.56;00.54;15;23;0,452777778;20;130;150;37;28;21;17;89;206;wadede01
491;Franz Wagner;SF;21;ORL;80;80;2609;542;1118;0,336805556;130;360;0,250694444;412;758;0,377777778;0,377083333;271;322;0,584722222;70;259;329;283;77;17;167;183;1485;wagnefr01
492;Moritz Wagner;C;25;ORL;57;18;1109;198;396;00.05;51;163;0,217361111;147;233;0,438194444;0,391666667;153;182;0,584027778;69;190;259;84;37;13;68;136;600;wagnemo01
493;Ish Wainright;SF;28;PHO;60;2;915;84;227;00.37;57;173;0,228472222;27;54;00.05;0,344444444;26;31;0,582638889;45;94;139;53;38;22;22;117;251;wainris01
494;Jabari Walker;SF;20;POR;56;0;619;83;198;0,290972222;16;56;0,198611111;67;142;0,327777778;00.46;34;45;0,525;48;83;131;34;10;13;29;69;216;walkeja01
495;Kemba Walker;PG;32;DAL;9;1;144;24;57;0,292361111;7;28;00.25;17;29;0,406944444;0,334722222;17;21;0,05625;3;13;16;19;2;2;4;11;72;walkeke02
496;Lonnie Walker IV;SG;24;LAL;56;32;1297;236;527;0,311111111;91;249;0,253472222;145;278;0,3625;0,370833333;91;106;0,595833333;14;95;109;64;30;17;46;71;654;walkelo01
497;John Wall;PG;32;LAC;34;3;755;138;338;0,283333333;33;109;0,210416667;105;229;0,31875;0,317361111;77;113;0,472916667;14;78;92;178;27;12;80;59;386;walljo01
498;T.J. Warren;PF-SF;29;PHO;42;0;687;132;270;0,339583333;22;67;0,227777778;110;203;0,376388889;00.53;28;35;00.08;26;95;121;40;22;12;20;65;314;warretj01
499;Duane Washington Jr.;SG;22;PHO;31;3;394;94;256;0,254861111;40;111;00.36;54;145;0,258333333;0,309027778;16;24;0,463194444;2;34;36;63;6;4;34;23;244;washidu02
500;P.J. Washington;PF;24;CHO;73;73;2380;434;978;0,308333333;149;428;0,241666667;285;550;0,359722222;00.52;127;174;0,050694444;73;285;358;175;66;79;110;193;1144;washipj01
501;TyTy Washington Jr.;PG;21;HOU;31;2;433;58;160;0,252083333;19;80;0,165277778;39;80;0,338888889;0,293055556;10;18;0,386111111;2;43;45;47;15;2;14;29;145;washity02
502;Yuta Watanabe;SF;28;BRK;58;1;928;114;232;0,340972222;60;135;0,308333333;54;97;0,386805556;0,43125;34;47;0,502083333;30;111;141;48;25;17;22;80;322;watanyu01
503;Lindy Waters III;SG;25;OKC;41;0;531;70;178;0,272916667;58;162;0,248611111;12;16;0,052083333;0,386111111;16;20;00.08;16;59;75;28;14;11;10;42;214;waterli01
504;Trendon Watford;PF;22;POR;62;12;1182;181;323;00.56;25;64;0,271527778;156;259;0,418055556;0,415972222;72;100;0,05;42;196;238;130;32;12;71;118;459;watfotr01
505;Peyton Watson;SG;20;DEN;23;2;186;29;59;0,341666667;6;14;0,297916667;23;45;0,354861111;0,376388889;11;20;00.55;8;29;37;11;2;11;8;14;75;watsope01
506;Blake Wesley;SG;19;SAS;37;1;669;69;215;0,222916667;20;52;0,267361111;49;163;0,209027778;0,254861111;26;44;0,410416667;11;70;81;99;25;5;65;67;184;weslebl01
507;Russell Westbrook;PG;34;LAC;73;24;2126;432;991;0,302777778;89;286;0,215972222;343;705;0,338194444;0,334027778;206;314;0,455555556;89;334;423;551;76;33;255;162;1159;westbru01
508;Coby White;SG;22;CHI;74;2;1730;263;594;0,307638889;128;344;0,258333333;135;250;00.54;0,382638889;61;70;0,604861111;16;196;212;204;54;6;74;122;715;whiteco01
509;Derrick White;SG;28;BOS;82;70;2319;350;758;0,320833333;149;391;0,264583333;201;367;0,380555556;00.56;168;192;0,607638889;52;241;293;321;54;76;95;177;1017;whitede01
510;Jack White;SF;25;DEN;17;0;66;8;19;0,292361111;3;9;0,23125;5;10;00.05;00.05;2;3;0,463194444;6;11;17;4;3;2;2;9;21;whiteja03
511;Joe Wieskamp;SF;23;TOR;9;0;50;3;14;0,148611111;3;12;00.25;0;2;0;0,222916667;0;0;;0;4;4;3;0;0;1;3;9;wieskjo01
512;Aaron Wiggins;SG;24;OKC;70;14;1297;186;363;0,355555556;48;122;0,272916667;138;241;0,397916667;0,402083333;59;71;0,577083333;68;142;210;80;39;15;55;110;479;wiggiaa01
513;Andrew Wiggins;SF;27;GSW;37;37;1190;250;529;0,328472222;89;225;0,275;161;304;00.53;0,386805556;44;72;0,424305556;61;125;186;85;45;28;48;107;633;wiggian01
514;Lindell Wigginton;PG;24;MIL;7;1;87;18;37;0,3375;6;18;0,23125;12;19;0,438888889;0,394444444;8;9;0,617361111;0;7;7;14;0;2;12;7;50;wiggili01
515;Alondes Williams;SG;23;BRK;1;0;5;0;0;;0;0;;0;0;;;0;0;;0;1;1;0;0;0;2;1;0;willial06
516;Donovan Williams;SG;21;ATL;2;0;4;2;5;00.04;0;2;0;2;3;0,463194444;00.04;0;0;;0;2;2;0;0;0;0;0;4;willido02
517;Grant Williams;PF;24;BOS;79;23;2045;216;476;0,315277778;115;291;0,274305556;101;185;0,379166667;0,399305556;94;122;0,053472222;87;276;363;131;41;31;82;192;641;willigr01
518;Jalen Williams;SG;21;OKC;75;62;2276;414;794;0,361805556;73;205;0,247222222;341;589;0,402083333;0,39375;155;191;0,563888889;84;253;337;248;103;35;123;191;1056;willija06
519;Jaylin Williams;C;20;OKC;49;36;914;102;234;0,302777778;46;113;0,282638889;56;121;0,321527778;0,370833333;38;54;0,488888889;44;197;241;76;28;12;37;111;288;willija07
520;Jeenathan Williams;SG;23;POR;5;4;127;24;39;0,427083333;3;8;0,260416667;21;31;0,470138889;0,454166667;2;3;0,463194444;10;5;15;10;3;2;4;13;53;willije02
521;Kenrich Williams;PF;28;OKC;53;10;1206;179;346;0,359027778;50;134;0,259027778;129;212;0,422222222;00.59;17;39;0,302777778;97;164;261;105;45;14;32;112;425;willike04
522;Mark Williams;C;21;CHO;43;17;828;160;251;0,442361111;0;0;;160;251;0,442361111;0,442361111;67;97;0,479861111;93;211;304;18;28;45;40;94;387;willima07
523;Patrick Williams;PF;21;CHI;82;65;2323;314;677;0,322222222;115;277;0,288194444;199;400;0,345833333;0,38125;90;105;0,595138889;78;249;327;100;72;70;101;147;833;willipa01
524;Robert Williams;C;25;BOS;35;20;824;127;170;0,51875;0;1;0;127;169;0,521527778;0,51875;25;41;0,042361111;104;188;292;50;22;48;34;68;279;williro04
525;Vince Williams Jr.;SG;22;MEM;15;1;105;12;40;00.03;4;28;0,099305556;8;12;0,463194444;00.35;2;2;1;4;11;15;4;6;2;5;12;30;willivi01
526;Ziaire Williams;SF;21;MEM;37;4;561;84;196;0,297916667;25;97;0,179166667;59;99;0,413888889;0,341666667;17;22;0,536805556;16;63;79;35;14;6;37;58;210;willizi02
527;Zion Williamson;PF;22;NOP;29;29;956;285;469;0,422222222;7;19;0,255555556;278;450;0,429166667;0,427083333;177;248;0,495833333;58;144;202;133;32;16;99;65;754;willizi01
528;Dylan Windler;SF;26;CLE;3;0;10;2;3;0,463194444;1;2;00.05;1;1;1;0,578472222;0;0;;0;0;0;1;1;0;1;0;5;windldy01
529;Justise Winslow;PF;26;POR;29;11;776;81;198;0,284027778;14;45;0,215972222;67;153;0,304166667;0,308333333;20;28;0,495833333;49;96;145;98;30;11;43;89;196;winslju01
530;James Wiseman;C;21;DET;45;22;867;189;339;0,3875;4;20;00.02;185;319;00.58;0,390972222;68;97;0,486805556;73;194;267;30;7;27;51;108;450;wisemja01
531;Christian Wood;C;27;DAL;67;17;1738;396;769;0,357638889;105;279;0,261111111;291;490;0,4125;0,404861111;217;281;0,536111111;87;404;491;121;30;72;121;169;1114;woodch01
532;Delon Wright;PG;30;WAS;50;14;1221;138;291;0,329166667;41;119;0,239583333;97;172;0,391666667;0,378472222;52;60;0,602083333;58;122;180;194;92;17;44;59;369;wrighde01
533;McKinley Wright IV;PG;24;DAL;27;1;335;46;98;0,325694444;9;28;0,222916667;37;70;0,367361111;0,357638889;13;19;0,475;9;38;47;58;8;5;19;24;114;wrighmc01
534;Gabe York;SG;29;IND;3;0;56;8;21;0,264583333;6;18;0,23125;2;3;0,463194444;0,363888889;2;2;1;0;6;6;5;2;0;0;5;24;yorkga01
535;Thaddeus Young;PF;34;TOR;54;9;795;108;198;0,378472222;6;34;0,122222222;102;164;0,431944444;0,389583333;18;26;0,480555556;71;95;166;75;54;5;42;88;240;youngth01
536;Trae Young;PG;24;ATL;73;73;2541;597;1390;0,297916667;154;460;0,232638889;443;930;0,330555556;0,336805556;566;639;0,615277778;56;161;217;741;80;9;300;104;1914;youngtr01
537;Omer Yurtseven;C;24;MIA;9;0;83;16;27;0,411805556;3;7;0,297916667;13;20;0,045138889;0,45;5;6;0,578472222;8;15;23;2;2;2;4;16;40;yurtsom01
538;Cody Zeller;C;30;MIA;15;2;217;37;59;0,435416667;0;2;0;37;57;0,450694444;0,435416667;24;35;0,476388889;25;39;64;10;3;4;14;33;98;zelleco01
539;Ivica Zubac;C;25;LAC;76;76;2170;326;514;0,440277778;0;2;0;326;512;0,442361111;0,440277778;166;238;0,484027778;236;520;756;77;29;98;117;219;818;zubaciv01